ID_Jugador;Jugador
0;Curly Armstrong
1;Cliff Barker
2;Leo Barnhorst
3;Ed Bartels
4;Ralph Beard
5;Gene Berce
6;Charlie Black
7;Nelson Bobb
8;Jake Bornheimer
9;Vince Boryla
10;Don Boven
11;Harry Boykoff
12;Joe Bradley
13;Bob Brannum
14;Carl Braun
15;Frankie Brian
16;Price Brookfield
17;Bob Brown
18;Jim Browne
19;Walt Budko
20;Jack Burmaster
21;Tommy Byrnes
22;Bill Calhoun
23;Don Carlson
24;Bob Carpenter
25;Jake Carter
26;Al Cervi
27;John Chaney
28;Leroy Chollet
29;Bill Closs
30;Paul Cloyd
31;Jack Coleman
32;Bobby Cook
33;Ray Corley
34;Jack Cotton
35;Dillard Crocker
36;Chink Crossin
37;Fran Curran
38;Jimmy Darden
39;Bob Davies
40;Hook Dillon
41;Earl Dodd
42;Joe Dolhon
43;Bob Doll
44;Harry Donovan
45;Andy Duncan
46;Dike Eddleman
47;Gene Englund
48;Bob Evans
49;Johnny Ezersky
50;Bob Feerick
51;George Feigenbaum
52;Arnie Ferrin
53;Jerry Fleishman
54;Joe Fulks
55;Bill Gabor
56;Elmer Gainer
57;Harry Gallatin
58;Vern Gardner
59;Frank Gates
60;Dee Gibson
61;Hoot Gibson
62;Chuck Gilmur
63;Normie Glick
64;Paul Gordon
65;Joe Graboski
66;Bud Grant
67;Don Grate
68;Alex Groza
69;Al Guokas
70;Robert Hahn
71;Chick Halbert
72;Bruce Hale
73;Dale Hamilton
74;Alex Hannum
75;John Hargis
76;Bob Harris
77;Bob Harrison
78;Billy Hassett
79;Marshall Hawkins
80;Bill Henry
81;Bill Herman
82;Kleggie Hermsen
83;Sonny Hertzberg
84;Paul Hoffman
85;Joe Holland
86;Red Holzman
87;Gene James
88;Howie Janotta
89;Tony Jaros
90;Buddy Jeannette
91;Arnie Johnson
92;Ralph Johnson
93;Wah Wah Jones
94;Noble Jorgensen
95;George Kaftan
96;Leo Katkaveck
97;Jack Kerris
98;Bob Kinney
99;Walt Kirk
100;Leo Klier
101;Duane Klueh
102;Lee Knorek
103;Milo Komenich
104;Leo Kubiak
105;Frank Kudelka
106;Walt Lautenbach
107;Tony Lavelli
108;Ed Leede
109;Andrew Levane
110;Freddie Lewis
111;Ron Livingstone
112;John Logan
113;Ray Lumpp
114;Ed Macauley
115;Johnny Macknowsky
116;John Mahnken
117;John Mandic
118;Slater Martin
119;Ariel Maughan
120;Matt Mazza
121;Mike McCarron
122;Dick McGuire
123;Bones McKinney
124;Mal McMullen
125;Dick Mehen
126;Ken Menke
127;Stan Miasek
128;Ed Mikan
129;George Mikan
130;Vern Mikkelsen
131;Al Miksis
132;Murray Mitchell
133;Leo Mogus
134;Max Morris
135;Joe Mullaney
136;Jerry Nagel
137;Jack Nichols
138;Richie Niemiera
139;Paul Noel
140;Jim Nolan
141;Johnny Norlander
142;George Nostrand
143;Mike Novak
144;Dermie O'Connell
145;Andy O'Donnell
146;Dick O'Keefe
147;John Oldham
148;Gene Ollrich
149;Johnny Orr
150;Don Otten
151;Mac Otten
152;Red Owens
153;Easy Parham
154;Jack Parkinson
155;Charlie Parsley
156;Stan Patrick
157;Johnny Payak
158;Warren Perkins
159;Ed Peterson
160;Jack Phelan
161;Andy Phillip
162;Jim Pollard
163;John Pritchard
164;Les Pugh
165;Don Putman
166;George Ratkovicz
167;Don Ray
168;Chick Reiser
169;Arnie Risen
170;Tex Ritter
171;Bill Roberts
172;Red Rocha
173;Kenny Rollins
174;Bob Royer
175;Jerry Rullo
176;Ed Sadowski
177;Kenny Sailors
178;Pep Saul
179;Herm Schaefer
180;Marv Schatzman
181;Fred Schaus
182;Dolph Schayes
183;Milt Schoon
184;Howie Schultz
185;Dick Schulz
186;Fred Scolari
187;Wayne See
188;Glen Selbo
189;Rollie Seltz
190;Jim Seminoff
191;George Senesky
192;Paul Seymour
193;Carl Shaeffer
194;Howie Shannon
195;Charley Shipp
196;Connie Simmons
197;Belus Smawley
198;Jack Smiley
199;Chips Sobek
200;Odie Spears
201;Art Spector
202;Ed Stanczak
203;Gene Stump
204;Mike Todorovich
205;Jack Toomay
206;Bob Tough
207;Blackie Towery
208;Dick Triptow
209;Butch Van Breda Kolff
210;Gene Vance
211;Ernie Vandeweghe
212;Floyd Volker
213;Whitey Von Nieda
214;Clint Wager
215;Danny Wagner
216;Brady Walker
217;Paul Walther
218;Bobby Wanzer
219;Murray Wier
220;D.C. Wilcutt
221;Bob Wood
222;Max Zaslofsky
224;Paul Arizin
225;Ed Beach
226;Leon Blevins
227;Ike Borsavage
228;Art Burris
229;Gerry Calabrese
230;Cal Christensen
231;Nat Clifton
232;Chuck Cooper
233;Bob Cousy
234;Hank DeZonie
235;Bob Donham
236;Ray Ellefson
237;Larry Foust
238;Ed Gayda
239;Joe Hutton
240;Bob Lavoy
241;Earl Lloyd
242;Don Lofgran
243;Norm Mager
244;Joe McNamee
245;Chuck Mrazovich
246;Ken Murray
247;Tommy O'Keefe
248;Kevin O'Shea
249;Don Rehfeldt
250;Jim Riffey
251;Alan Sawyer
252;Herb Scherer
253;Dick Schnittker
254;Bill Sharman
255;Don Barksdale
256;Elmer Behnke
257;Stan Brown
258;Ed Dahler
259;Nate DeLong
260;Dick Dickey
261;Jake Fendley
262;Jerry Fowler
263;Lew Hitch
264;Mel Hutchins
265;Neil Johnston
266;Jack Kiley
267;George King
268;John McConathy
269;Alfred McGuire
270;Dave Minor
271;Ralph O'Brien
272;Wally Osterkorn
273;Mel Payton
274;John Pilch
275;Ray Ragelis
276;Sam Ranzino
277;John Rennicke
278;Don Savage
279;Chuck Share
280;Zeke Sinicola
281;Whitey Skoog
282;Jim Slaughter
283;Bill Tosheff
284;Bob Wilson
285;Jim Baechtold
286;Jim Brasco
287;Dick Bunt
288;Gene Conley
289;Pete Darcey
290;Blaine Denning
291;Danny Finn
292;Dick Groat
293;Don Hanrahan
294;Don Henriksen
295;Jim Holstein
296;Bob Lochmueller
297;Mo Mahoney
298;Al Masino
299;Jack McCloskey
300;Bucky McConnell
301;George McLeod
302;Jack McMahon
303;Monk Meineke
304;Eddie Miller
305;Bill Mlkvy
306;Jim Mooney
307;Bob Naber
308;John O'Boyle
309;Mike O'Neill
310;Claude Overton
311;Ralph Polson
312;Bob Priddy
313;Moe Radovich
314;Sherwin Raiken
315;Gene Rhodes
316;Dick Surhoff
317;Mark Workman
318;Zeke Zawoluk
319;Don Ackerman
320;Don Asmonga
321;Ernie Barrett
322;Ernie Beck
323;Irv Bemoras
324;Bill Bolger
325;Walt Davis
326;Gene Dyker
327;Ed Earle
328;Ray Felix
329;Jim Fritsche
330;Jack George
331;Bato Govedarica
332;Norm Grekin
333;Rollen Hans
334;Bob Houbregs
335;Billy Kenville
336;Dick Knostman
337;Clyde Lovellette
338;Jim Luisi
339;Jack Molinas
340;Jim Neal
341;Paul Nolen
342;Bob Peterson
343;James Phelan
344;Connie Rea
345;Frank Reddout
346;Al Roges
347;Ed Smith
348;Joe Smyth
349;Don Sunderlage
350;Norm Swanson
351;Hal Uplinger
352;Isaac Walthour
353;George Yardley
354;Don Anielak
355;Tom Brennan
356;Bob Carney
357;Fred Christ
358;Bert Cook
359;Larry Costello
360;George Dempsey
361;Fred Diute
362;Dick Farley
363;Chuck Grigsby
364;Herm Hedderick
365;Ed Kalafat
366;Mike Kearns
367;Red Kerr
368;Dan King
369;Bob Knight
370;Ronnie MacGilvray
371;Tom Marshall
372;Phil Martin
373;Ken McBride
374;Carl McNulty
375;Jackie Moore
376;Red Morrison
377;Boris Nachamkin
378;Togo Palazzi
379;Bob Pettit
380;Frank Ramsey
381;Dick Rosenthal
382;Frank Selvy
383;Gene Shue
384;Art Spoelstra
385;Jim Tucker
386;Jack Turner
387;Bobby Watson
388;Skippy Whitaker
389;Jesse Arnelle
390;Dick Atha
391;Don Bielke
392;Ed Conlin
393;Red Davis
394;Corky Devlin
395;Walter Dukes
396;Ron Feiereisel
397;Al Ferrari
398;Ed Fleming
399;Dick Garmaker
400;Tom Gola
401;Chris Harris
402;Dick Hemric
403;Larry Hennessy
404;Johnny Horan
405;Jim Loscutoff
406;Chuck Mencel
407;Chuck Noble
408;Med Park
409;Richie Regan
410;Dick Ricketts
411;Bob Santini
412;Bob Schafer
413;Kenny Sears
414;Jack Stephens
415;Maurice Stokes
416;Jack Twyman
417;Bob Williams
418;Forest Able
419;Bob Armstrong
420;John Barber
421;Gary Bergen
422;Al Bianchi
423;Bob Burrow
424;Si Green
425;Richie Guerin
426;Cliff Hagan
427;Tom Heinsohn
428;Joe Holup
429;Bob Hopkins
430;Phil Jordon
431;Hal Lear
432;Slick Leonard
433;Johnny McCarthy
434;Willie Naulls
435;Jim Paxson
436;Dave Piontek
437;Jim Ray
438;Bill Russell
439;Ron Shavlik
440;Ron Sobie
441;Norm Stewart
442;Bill Thieben
443;Lou Tsioropoulos
444;Doug Bolstorff
445;George Brown
446;Dick Duckett
447;Pat Dunn
448;Bill Ebben
449;Bo Erias
450;Larry Friend
451;Hot Rod Williams
452;McCoy Ingram
453;Sam Jones
454;Jim Krebs
455;Brendan McCann
456;Worthy Patterson
457;Jerry Paulson
458;Ray Radziszewski
459;Lennie Rosenbluth
460;Woody Sauldsberry
461;Guy Sparrow
462;Charlie Tyra
463;Jim Walsh
464;Win Wilfong
465;Elgin Baylor
466;Jerry Bird
467;Bucky Bockhorn
468;Pete Brennan
469;Barney Cable
470;Archie Dees
471;Connie Dierking
472;Boo Ellis
473;Wayne Embry
474;Mike Farmer
475;Dave Gambee
476;Hal Greer
477;Steve Hamilton
478;Vern Hatton
479;Andy Johnson
480;K.C. Jones
481;Tommy Kearns
482;Shellie McMillon
483;Jim Palmer
484;Jack Parr
485;Hub Reed
486;Guy Rodgers
487;Phil Rollins
488;Larry Staverman
489;Bennie Swain
490;Gary Alcorn
491;Bob Anderegg
492;Dick Barnett
493;Whitey Bell
494;Wilt Chamberlain
495;Bob Ferry
496;Johnny Green
497;Gene Guarilia
498;Tom Hawkins
499;Bailey Howell
500;Maury King
501;Rudy LaRusso
502;Nick Mantis
503;Cal Ramsey
504;John Richter
505;Joe Ruklick
506;Bobby Smith
507;Wayne Stevens
508;Tony Windis
509;Al Attles
510;Bob Boozer
511;Dave Budd
512;Ralph Davis
513;Swede Halbrook
514;Darrall Imhoff
515;Ron Johnson
516;Howie Jolliff
517;Willie Jones
518;Pickles Kennedy
519;Fred LaCour
520;George Lee
521;Bob McNeill
522;Jackie Moreland
523;Don Ohl
524;Joe Roberts
525;Oscar Robertson
526;Tom Sanders
527;Jerry West
528;Lenny Wilkens
529;Stacey Arceneaux
530;Walt Bellamy
531;George Blaney
532;George Bon Salle
533;Joe Buckhalter
534;Cleveland Buckner
535;Ed Burton
536;Donnie Butcher
537;Al Butler
538;Howie Carl
539;Jimmy Darrow
540;Johnny Egan
541;Rich Eichhorst
542;Cleo Hill
543;Ron Horn
544;Doug Kistler
545;York Larese
546;Ted Luckenbill
547;Whitey Martin
548;Tom Meschery
549;Paul Neumann
550;Bevo Nordmann
551;Chuck Osborne
552;Gary Phillips
553;Frank Radovich
554;Ray Scott
555;Lee Shaffer
556;Bob Sims
557;Adrian Smith
558;Bill Smith
559;Sam Stith
560;Horace Walker
561;Bob Wiesenhahn
562;Wayne Yates
563;Dave Zeller
564;John Barnhill
565;Zelmo Beaty
566;Bill Bridges
567;Len Chappell
568;Johnny Cox
569;Dave DeBusschere
570;Terry Dischinger
571;Danny Doyle
572;Bob Duffy
573;Leroy Ellis
574;Dave Fedor
575;Jack Foley
576;Dave Gunther
577;Charlie Hardnett
578;John Havlicek
579;Wayne Hightower
580;Paul Hogue
581;Kevin Loughery
582;Bill McGill
583;Porter Meriwether
584;Howie Montgomery
585;Don Nelson
586;Mel Nowell
587;Bud Olsen
588;John Rudometkin
589;Jeff Slade
590;Tom Stith
591;Dan Swartz
592;Dan Tieman
593;Gene Tormohlen
594;Chico Vaughn
595;Chet Walker
596;Ben Warley
597;Ralph Wells
598;Hubie White
599;Gene Wiley
600;Jay Arnette
601;Larry Comley
602;Mel Gibson
603;Jerry Greenspan
604;Reggie Harding
605;Jerry Harkness
606;Art Heyman
607;Gary Hill
608;Tom Hoover
609;Gus Johnson
610;Jim King
611;Don Kojis
612;Jerry Lucas
613;Eddie Miles
614;Mel Peterson
615;Ken Rohloff
616;Larry Siegfried
617;Roger Strickland
618;Tom Thacker
619;Rod Thorn
620;Nate Thurmond
621;Gerry Ward
622;John Windsor
623;Jim Barnes
624;Ron Bonham
625;Gary Bradds
626;Em Bryant
627;Joe Caldwell
628;Mel Counts
629;Steve Courtin
630;Jerry Grote
631;Happy Hairston
632;Walt Hazzard
633;Les Hunter
634;Luke Jackson
635;Larry Jones
636;Wali Jones
637;Howard Komives
638;Bud Koper
639;Barry Kramer
640;McCoy McLemore
641;Jeff Mullins
642;Cotton Nash
643;Willis Reed
644;Paul Silas
645;John Thompson
646;John Tresvant
647;George Wilson
648;Rick Barry
649;Jesse Branson
650;Bill Buntin
651;Barry Clemens
652;Billy Cunningham
653;Keith Erickson
654;John Fairchild
655;Will Frazier
656;Gail Goodrich
657;Fred Hetzel
658;Jon McGlocklin
659;Thales McReynolds
660;Ron Reed
661;Jerry Sloan
662;Willie Somerset
663;Dave Stallworth
664;Joe Strawder
665;Dick Van Arsdale
666;Tom Van Arsdale
667;Bob Warlick
668;Jim Washington
669;Ron Watts
670;Bob Weiss
671;Henry Akin
672;Johnny Austin
673;Jim Barnett
674;Dave Bing
675;John Block
676;Nate Bowman
677;Jerry Chambers
678;Archie Clark
679;Freddie Crawford
680;Dave Deutsch
681;Joe Ellis
682;Hank Finkel
683;Matt Guokas
684;Bob Hogsett
685;Lou Hudson
686;Neil Johnson
687;Toby Kimball
688;Tommy Kron
689;Clyde Lee
690;Bob Love
691;Jack Marin
692;Bill Melchionni
693;Wayne Molis
694;Erwin Mueller
695;Dorie Murrey
696;Flynn Robinson
697;Cazzie Russell
698;Dave Schellhase
699;Dick Snyder
700;Jim Ware
701;Walt Wesley
702;Bud Acton
703;Cliff Anderson
704;Bill Bradley
705;Tyrone Britt
706;Jim Burns
707;Jim Caldwell
708;George Carter
709;Jim Davis
710;Bill Dinwiddie
711;Sonny Dove
712;Ron Filipek
713;Jim Fox
714;Walt Frazier
715;Mal Graham
716;Gary Gray
717;Dennis Hamilton
718;Clem Haskins
719;Al Jackson
720;Phil Jackson
721;Johnny Jones
722;Nick Jones
723;Dave Lattin
724;George Lehmann
725;Bobby Lewis
726;Paul Long
727;Plummer Lott
728;Ed Manning
729;Stan McKenzie
730;Jay Miller
731;Earl Monroe
732;George Patterson
733;Jim Reid
734;Pat Riley
735;Bob Rule
736;Craig Spitzer
737;Al Tucker
738;Bill Turner
739;Jimmy Walker
740;Rick Weitzman
741;Roland West
742;John Wetzel
743;Ken Wilburn
744;Art Williams
745;Tom Workman
746;Zaid Abdul-Aziz
747;Rick Adelman
748;Bob Allen
749;Harry Barnes
750;Ed Biedenbach
751;Tom Boerwinkle
752;Jay Carty
753;Don Chaney
754;Dick Cunningham
755;Fred Foster
756;Pat Frink
757;Gary Gregor
758;Al Hairston
759;Shaler Halimon
760;Skip Harlicka
761;Art Harris
762;Elvin Hayes
763;Bill Hewitt
764;Bill Hosket
765;Rich Johnson
766;Bob Kauffman
767;Joe Kennedy
768;Rod Knowles
769;Stu Lantz
770;Don May
771;Otto Moore
772;Dave Newmark
773;Rich Niemann
774;Barry Orms
775;Charlie Paulk
776;Loy Petersen
777;Bob Quick
778;Craig Raymond
779;Mike Riordan
780;Dale Schlueter
781;Doug Sims
782;Greg Smith
783;John Trapp
784;Wes Unseld
785;Dwight Waller
786;Cliff Williams
787;Ron Williams
788;Sam Williams
789;Kareem Abdul-Jabbar
790;Lucius Allen
791;Wally Anderzunas
792;John Arthurs
793;Johnny Baum
794;Butch Beard
795;Fred Carter
796;Bob Dandridge
797;Mike Davis
798;Dick Garrett
799;Herm Gilliam
800;Bob Greacen
801;Lamar Green
802;Connie Hawkins
803;Brian Heaney
804;Steve Kuberski
805;Mike Lynn
806;Willie McCarter
807;Steve Mix
808;Grady O'Malley
809;Bud Ogden
810;Bob Portman
811;Luther Rackley
812;George Reynolds
813;Rick Roberson
814;Dave Scholz
815;Bingo Smith
816;Norm Van Lier
817;Neal Walk
818;John Warren
819;Jo Jo White
820;Bernie Williams
821;Lee Winfield
822;Don Adams
823;Tiny Archibald
824;Bob Arnzen
825;Dennis Awtrey
826;Moe Barr
827;Tom Black
828;Bob Christian
829;Jimmy Collins
830;Joe Cooke
831;Dave Cowens
832;Pete Cross
833;Terry Driscoll
834;Claude English
835;Greg Fillmore
836;Levi Fontaine
837;Jake Ford
838;Gary Freeman
839;Walt Gilmore
840;Spencer Haywood
841;Gar Heard
842;Al Henry
843;A.W. Holt
844;Greg Howard
845;John Hummer
846;Greg Hyder
847;George Johnson
848;John Johnson
849;Earnie Killum
850;Ron Knight
851;Sam Lacey
852;Bob Lanier
853;Pete Maravich
854;Harvey Marlatt
855;Eddie Mast
856;Jim McMillian
857;Larry Mikan
858;Rex Morgan
859;Calvin Murphy
860;Ralph Ogden
861;Curtis Perry
862;Geoff Petrie
863;Mike Price
864;Bob Riley
865;Paul Ruffner
866;Mike Silliman
867;Garfield Smith
868;Dave Sorenson
869;Dennis Stewart
870;Bill Stricker
871;Gary Suiter
872;Fred Taylor
873;Joe Thomas
874;Rudy Tomjanovich
875;John Vallely
876;Cornell Warner
877;Bobby Washington
878;Jeff Webb
879;Herb White
880;Milt Williams
881;Willie Williams
882;Marv Winkler
883;Gary Zeller
884;Bill Zopf
885;Odis Allison
886;Vic Bartolome
887;Fred Brown
888;Austin Carr
889;Sid Catlett
890;Phil Chenier
891;Jim Cleamons
892;Charlie Davis
893;Jackie Dinkins
894;Ken Durrett
895;Dick Gibbs
896;Clarence Glover
897;Jeff Halliburton
898;Fred Hilton
899;Jake Jones
900;Mo Layton
901;Stan Love
902;Charlie Lowery
903;Jim Marsh
904;Jim McDaniels
905;Gil McGregor
906;Kenny McIntosh
907;Cliff Meely
908;Dean Meminger
909;John Mengelt
910;Barry Nelson
911;Mike Newlin
912;Willie Norwood
913;Steve Patterson
914;Tom Payne
915;Howard Porter
916;Clifford Ray
917;Jackie Ridgle
918;Rich Rinaldi
919;Curtis Rowe
920;Charlie Scott
921;Elmore Smith
922;Randy Smith
923;William Smith
924;Larry Steele
925;George Trapp
926;Sidney Wicks
927;Nate Williams
928;Isaiah Wilson
929;Dave Wohl
930;Barry Yates
931;Charlie Yelverton
932;Henry Bibby
933;Freddie Boyd
934;Steve Bracey
935;John Brisker
936;Roger Brown
937;Corky Calhoun
938;Bob Davis
939;Dwight Davis
940;Mickey Davis
941;Charles Dudley
942;Scott English
943;Chris Ford
944;Harold Fox
945;Rowland Garrett
946;John Gianelli
947;Travis Grant
948;Luther Green
949;Charles Johnson
950;Ollie Johnson
951;Manny Leaks
952;Russ Lee
953;LaRue Martin
954;Bob McAdoo
955;Paul McCracken
956;Eric McWilliams
957;Mark Minor
958;Bob Nash
959;Lloyd Neal
960;Tom Patterson
961;Kevin Porter
962;Jim Price
963;Mike Ratliff
964;Tom Riker
965;Ron Riley
966;Frank Russell
967;Frank Schade
968;Sam Sibert
969;Bud Stallworth
970;Paul Stovall
971;Chuck Terry
972;Justus Thigpen
973;John Tschogl
974;Paul Westphal
975;Harthorne Wingo
976;Joby Wright
977;Mike Bantom
978;Ron Behagen
979;Dennis Bell
980;Jim Brewer
981;Allan Bristow
982;John Brown
983;Larry Cannon
984;Bill Chamberlain
985;Ken Charles
986;E.C. Coleman
987;Doug Collins
988;Mike D'Antoni
989;Mel Davis
990;Derrek Dickey
991;Ernie DiGregorio
992;Steve Downing
993;Rod Freeman
994;Bernie Fryer
995;Jim Garvin
996;Phil Hankinson
997;Nate Hawthorne
998;Tom Ingelsby
999;Dwight Jones
1000;Ben Kelso
1001;Tom Kozelko
1002;Kevin Kunnert
1003;Mike Macaluso
1004;Ted Manakas
1005;Vester Marshall
1006;Allie McGuire
1007;Larry McNeill
1008;Gary Melchionni
1009;Louie Nelson
1010;Jim Owens
1011;Ed Ratleff
1012;Joe Reaves
1013;Mark Sibley
1014;Bob Verga
1015;Kermit Washington
1016;Slick Watts
1017;Nick Weatherspoon
1018;Luke Witte
1019;Dan Anderson
1020;Jim Ard
1021;Gus Bailey
1022;Leon Benbow
1023;Ken Boyd
1024;Gary Brokaw
1025;Tom Burleson
1026;Harvey Catchings
1027;Jim Chones
1028;Ben Clyde
1029;Jesse Dark
1030;Rod Derline
1031;John Drew
1032;Dennis DuVal
1033;Al Eberhard
1034;Leonard Gray
1035;Bernie Harris
1036;Steve Hawes
1037;Tom Henderson
1038;Greg Jackson
1039;Wardell Jackson
1040;Aaron James
1041;Mickey Johnson
1042;Jimmy Jones
1043;Frank Kendrick
1044;Len Kosmalski
1045;Bill Ligon
1046;Phil Lumpkin
1047;Glenn McDonald
1048;Eric Money
1049;Connie Norman
1050;Kevin Restani
1051;Truck Robinson
1052;Campy Russell
1053;Fred Saunders
1054;Tal Skinner
1055;Don Smith
1056;Phil Smith
1057;Mike Sojourner
1058;Kevin Stacom
1059;George Thompson
1060;Dean Tolson
1061;Foots Walker
1062;Bill Walton
1063;Perry Warbington
1064;Stan Washington
1065;Scott Wedman
1066;Owen Wells
1067;Jamaal Wilkes
1068;Earl Williams
1069;Bobby Wilson
1070;Brian Winters
1071;Alvan Adams
1072;Jerome Anderson
1073;Jerry Baskerville
1074;Bob Bigelow
1075;Tom Boswell
1076;Junior Bridgeman
1077;Joe Bryant
1078;Al Carlson
1079;Jim Creighton
1080;Darryl Dawkins
1081;Henry Dickerson
1082;Eric Fernsten
1083;Larry Fogle
1084;Don Ford
1085;World B. Free
1086;Donnie Freeman
1087;Kevin Grevey
1088;Bob Gross
1089;Lindsay Hairston
1090;Glenn Hansen
1091;Robert Hawkins
1092;Wilbur Holland
1093;Lionel Hollins
1094;Steve Jones
1095;Rich Kelley
1096;Tom Kropp
1097;C.J. Kupec
1098;John Lambert
1099;John Laskowski
1100;Greg Lee
1101;Clyde Mayes
1102;Ken Mayfield
1103;Jim McElroy
1104;George McGinnis
1105;Tom McMillen
1106;Joe Meriweather
1107;Dave Meyers
1108;Frank Oleynick
1109;Cliff Pondexter
1110;Bill Robinzine
1111;John Roche
1112;Bruce Seals
1113;Ed Searcy
1114;Gene Short
1115;John Shumate
1116;Ricky Sobers
1117;Terry Thomas
1118;Rudy White
1119;Gus Williams
1120;Bill Willoughby
1121;Tom Abernethy
1122;Bird Averitt
1123;Tom Barker
1124;Marvin Barnes
1125;Norton Barnhill
1126;Mike Barr
1127;Tim Bassett
1128;Byron Beck
1129;Mel Bennett
1130;Ron Boone
1131;Quinn Buckner
1132;Ticky Burden
1133;Don Buse
1134;Mack Calvin
1135;M.L. Carr
1136;Cornelius Cash
1137;Norm Cook
1138;Louie Dampier
1139;Mel Daniels
1140;Adrian Dantley
1141;Johnny Davis
1142;Ron Davis
1143;Randy Denton
1144;Coby Dietrick
1145;Leon Douglas
1146;Mike Dunleavy
1147;Jim Eakins
1148;Len Elmore
1149;Darrell Elston
1150;Alex English
1151;Julius Erving
1152;Butch Feher
1153;Mike Flynn
1154;Terry Furlow
1155;Mike Gale
1156;Gus Gerard
1157;George Gervin
1158;Artis Gilmore
1159;Mike Green
1160;Steve Green
1161;Paul Griffin
1162;Rudy Hackett
1163;Phil Hicks
1164;Armond Hill
1165;Darnell Hillman
1166;Mo Howard
1167;Kim Hughes
1168;Dan Issel
1169;Dennis Johnson
1170;Bobby Jones
1171;Caldwell Jones
1172;Rich Jones
1173;Robin Jones
1174;Wil Jones
1175;George Karl
1176;Goo Kennedy
1177;Larry Kenon
1178;Billy Knight
1179;Mitch Kupchak
1180;Bo Lamar
1181;Ron Lee
1182;Scott Lloyd
1183;John Lucas
1184;Maurice Lucas
1185;Moses Malone
1186;Scott May
1187;Andre McCarter
1188;Ted McClain
1189;Allen Murphy
1190;Swen Nater
1191;Johnny Neumann
1192;Mark Olberding
1193;Tom Owens
1194;Joe Pace
1195;Robert Parish
1196;Sonny Parker
1197;Billy Paultz
1198;Marv Roberts
1199;Dave Robisch
1200;Marshall Rogers
1201;Dan Roundfield
1202;Phil Sellers
1203;Lonnie Shelton
1204;James Silas
1205;Ralph Simpson
1206;Al Skinner
1207;Willie Smith
1208;Keith Starr
1209;Earl Tatum
1210;Brian Taylor
1211;Fatty Taylor
1212;Ira Terrell
1213;Claude Terry
1214;David Thompson
1215;Monte Towe
1216;Dave Twardzik
1217;Jan Van Breda Kolff
1218;Andy Walker
1219;Wally Walker
1220;Lloyd Walton
1221;Henry Ward
1222;Richard Washington
1223;Marvin Webster
1224;Bob Wilkerson
1225;Chuck Williams
1226;Chuckie Williams
1227;John Williamson
1228;Willie Wise
1229;Larry Wright
1230;Tate Armstrong
1231;Greg Ballard
1232;Kent Benson
1233;Otis Birdsong
1234;Phil Bond
1235;Jim Bostic
1236;Alonzo Bradley
1237;Mike Bratz
1238;Wayman Britt
1239;Kenny Carr
1240;Bob Carrington
1241;Wesley Cox
1242;Charlie Criss
1243;Mark Crow
1244;Brad Davis
1245;Walter Davis
1246;Jacky Dorsey
1247;T.R. Dunn
1248;James Edwards
1249;Bo Ellis
1250;Al Fleming
1251;Bayard Forrest
1252;Mike Glenn
1253;Glen Gondrezick
1254;Rickey Green
1255;Greg Griffin
1256;Ernie Grunfeld
1257;Joe Hassett
1258;Eddie Johnson
1259;Larry Johnson
1260;Marques Johnson
1261;Eddie Jordan
1262;Bernard King
1263;Toby Knight
1264;John Kuester
1265;Tom LaGarde
1266;Mark Landsberger
1267;Rich Laurel
1268;Ricky Marsh
1269;Cedric Maxwell
1270;Larry Moffett
1271;Glenn Mosley
1272;Norm Nixon
1273;Eddie Owens
1274;Ben Poquette
1275;Robert Reid
1276;Anthony Roberts
1277;Tony Robertson
1278;Tree Rollins
1279;Alvin Scott
1280;Steve Sheppard
1281;Jack Sikma
1282;Scott Sims
1283;Robert Smith
1284;Phil Walker
1285;Wilson Washington
1286;Ray Williams
1287;Kim Anderson
1288;Del Beshore
1289;Dennis Boyd
1290;Winford Boynes
1291;Ron Brewer
1292;Greg Bunch
1293;Marty Byrnes
1294;Ron Carter
1295;Maurice Cheeks
1296;Michael Cooper
1297;Wayne Cooper
1298;Dave Corzine
1299;Geoff Crompton
1300;Harry Davis
1301;Bob Elliott
1302;Ray Epps
1303;Phil Ford
1304;Jack Givens
1305;Tommie Green
1306;Lars Hansen
1307;James Hardy
1308;Keith Herron
1309;Kenny Higgs
1310;Essie Hollis
1311;Otis Howard
1312;Clemon Johnson
1313;Jeff Judkins
1314;Joel Kramer
1315;Butch Lee
1316;John Long
1317;Billy McKinney
1318;Mike Mitchell
1319;John Olive
1320;Roger Phegley
1321;Stan Pietkiewicz
1322;Wayne Radford
1323;Marlon Redmond
1324;Micheal Ray Richardson
1325;Rick Robey
1326;Jackie Robinson
1327;John Rudd
1328;Frankie Sanders
1329;Purvis Short
1330;Sam Smith
1331;Reggie Theus
1332;Mychal Thompson
1333;Raymond Townsend
1334;Terry Tyler
1335;Andre Wakefield
1336;Jerome Whitehead
1337;Freeman Williams
1338;Rick Wilson
1339;James Bailey
1340;Billy Ray Bates
1341;Larry Bird
1342;Lawrence Boston
1343;Dudley Bradley
1344;Bill Cartwright
1345;Jeff Cook
1346;Hollis Copeland
1347;John Coughran
1348;Terry Crosby
1349;Pat Cummings
1350;Paul Dawkins
1351;Greg Deane
1352;Larry Demic
1353;Terry Duerod
1354;Earl Evans
1355;Mike Evans
1356;Gary Garland
1357;Dave Greenwood
1358;Roy Hamilton
1359;Gerald Henderson
1360;Johnny High
1361;Brad Holland
1362;Phil Hubbard
1363;Geoff Huston
1364;Abdul Jeelani
1365;Cheese Johnson
1366;Magic Johnson
1367;Vinnie Johnson
1368;Major Jones
1369;Greg Kelser
1370;Irv Kiffin
1371;Carl Kilpatrick
1372;Reggie King
1373;Arvid Kramer
1374;Allen Leavell
1375;Ollie Mack
1376;Steve Malovic
1377;Paul Mokeski
1378;Sidney Moncrief
1379;Calvin Natt
1380;Sylvester Norris
1381;Wiley Peck
1382;Sam Pellom
1383;Clint Richardson
1384;Cliff Robinson
1385;Jim Spanarkel
1386;Bernard Toone
1387;Duck Williams
1388;Sly Williams
1389;Bubba Wilson
1390;Tony Zeno
1391;Darrell Allums
1392;Norman Black
1393;Dave Britton
1394;Michael Brooks
1395;Lewis Brown
1396;Rickey Brown
1397;Joe Barry Carroll
1398;Butch Carter
1399;Reggie Carter
1400;Art Collins
1401;Don Collins
1402;Darwin Cook
1403;Earl Cureton
1404;Monti Davis
1405;James Donaldson
1406;Larry Drew
1407;Ralph Drollinger
1408;John Duren
1409;Tony Fuller
1410;Calvin Garrett
1411;Mike Gminski
1412;Darrell Griffith
1413;Bill Hanzlik
1414;Alan Hardy
1415;Mike Harper
1416;Cedrick Hordges
1417;Tony Jackson
1418;Lee Johnson
1419;Reggie Johnson
1420;Edgar Jones
1421;Walter Jordan
1422;Clarence Kea
1423;Chad Kinch
1424;Wayne Kreklow
1425;Bill Laimbeer
1426;Edmund Lawrence
1427;Ronnie Lester
1428;Kyle Macy
1429;Rick Mahorn
1430;Wes Matthews
1431;Bill Mayfield
1432;Keith McCord
1433;Kevin McHale
1434;Dick Miller
1435;Johnny Moore
1436;Lowes Moore
1437;Kenny Natt
1438;Carl Nicks
1439;Mike Niles
1440;Mike O'Koren
1441;Jawann Oldham
1442;Louis Orr
1443;Myles Patrick
1444;Tony Price
1445;Wally Rank
1446;Kelvin Ransey
1447;James Ray
1448;Billy Reid
1449;Wayne Robinson
1450;Lorenzo Romar
1451;DeWayne Scales
1452;Craig Shelton
1453;Jerry Sichting
1454;Larry Smith
1455;Rory Sparrow
1456;John Stroud
1457;Carlos Terry
1458;Andrew Toney
1459;Ronnie Valentine
1460;Kiki Vandeweghe
1461;Brett Vroman
1462;Hawkeye Whitney
1463;Michael Wiley
1464;James Wilkes
1465;Jeff Wilkins
1466;Mike Woodson
1467;Sam Worthen
1468;Mark Aguirre
1469;Danny Ainge
1470;Carl Bailey
1471;Gene Banks
1472;Rolando Blackman
1473;Ray Blume
1474;Alex Bradley
1475;Charles Bradley
1476;Brad Branson
1477;Jim Brogan
1478;Roger Burkman
1479;David Burns
1480;Bobby Cattage
1481;Tom Chambers
1482;Joe Cooper
1483;Charles Davis
1484;Kenny Dennard
1485;Mickey Dillard
1486;John Douglas
1487;Craig Dykema
1488;Franklin Edwards
1489;Petur Gudmundsson
1490;Glenn Hagan
1491;Steve Hayes
1492;Tracy Jackson
1493;Clay Johnson
1494;Frank Johnson
1495;Steve Johnson
1496;Albert King
1497;Jeff Lamp
1498;Rock Lee
1499;Alton Lister
1500;Lewis Lloyd
1501;Kevin Loder
1502;Rudy Macklin
1503;John McCullough
1504;Hank McDowell
1505;Mike McGee
1506;Kevin McKenna
1507;Larry Nance
1508;Kurt Nimphius
1509;Mark Radford
1510;Ed Rains
1511;Kurt Rambis
1512;Jeff Ruland
1513;Danny Schayes
1514;Jim Smith
1515;Larry Spriggs
1516;Isiah Thomas
1517;Ray Tolbert
1518;Kelly Tripucka
1519;Elston Turner
1520;Darnell Valentine
1521;Pete Verhoeven
1522;Jay Vincent
1523;Danny Vranes
1524;Buck Williams
1525;Herb Williams
1526;Garry Witts
1527;Al Wood
1528;Howard Wood
1529;Orlando Woolridge
1530;Rich Yonakor
1531;Dwight Anderson
1532;J.J. Anderson
1533;Richard Anderson
1534;John Bagley
1535;Dave Batton
1536;Lester Conner
1537;Chubby Cox
1538;Terry Cummings
1539;Quintin Dailey
1540;Mark Eaton
1541;Jerry Eaves
1542;Keith Edmonson
1543;Chris Engler
1544;Bruce Flowers
1545;Sleepy Floyd
1546;Bill Garnett
1547;John Greig
1548;Scott Hastings
1549;Rod Higgins
1550;Craig Hodges
1551;Marc Iavaroni
1552;Jim Johnstone
1553;Hutch Jones
1554;Clark Kellogg
1555;Joe Kopicki
1556;Fat Lever
1557;Cliff Levingston
1558;Steve Lingenfelter
1559;Dave Magley
1560;Mark McNamara
1561;Guy Morgan
1562;Ed Nealy
1563;Chuck Nevitt
1564;Audie Norris
1565;Eddie Phillips
1566;Ricky Pierce
1567;Charles Pittman
1568;Paul Pressey
1569;Oliver Robinson
1570;Walker Russell
1571;Mike Sanders
1572;Russ Schoene
1573;Ed Sherod
1574;Jose Slaughter
1575;Derek Smith
1576;Brook Steppe
1577;Jeff Taylor
1578;Vince Taylor
1579;Terry Teagle
1580;David Thirdkill
1581;Corny Thompson
1582;LaSalle Thompson
1583;Darren Tillis
1584;Linton Townes
1585;Trent Tucker
1586;Bryan Warrick
1587;Rory White
1588;Dominique Wilkins
1589;Rickey Williams
1590;Rob Williams
1591;James Worthy
1592;Jim Zoet
1593;Ken Austin
1594;Thurl Bailey
1595;Randy Breuer
1596;Wallace Bryant
1597;Howard Carter
1598;Carlos Clark
1599;Leroy Combs
1600;Russell Cross
1601;Darren Daye
1602;Clyde Drexler
1603;Craig Ehlo
1604;Dale Ellis
1605;Rod Foster
1606;John Garris
1607;Mike Gibson
1608;Stewart Granger
1609;Sidney Green
1610;Bob Hansen
1611;Derek Harper
1612;Roy Hinson
1613;Charles Jones
1614;Mark Jones
1615;Greg Kite
1616;Bruce Kuczenski
1617;Darrell Lockhart
1618;Sidney Lowe
1619;Jeff Malone
1620;Pace Mannion
1621;Rodney McCray
1622;Scooter McCray
1623;Larry Micheaux
1624;Bob Miller
1625;John Paxson
1626;John Pinone
1627;Tom Piotrowski
1628;Leo Rautins
1629;Doc Rivers
1630;Fred Roberts
1631;Ralph Sampson
1632;Byron Scott
1633;Steve Stipanovich
1634;Jon Sundvold
1635;Dane Suttle
1636;Jim Thomas
1637;Paul Thompson
1638;Sedale Threatt
1639;Granville Waiters
1640;Darrell Walker
1641;Brant Weidner
1642;Mark West
1643;Ennis Whatley
1644;Mitchell Wiggins
1645;Kevin Williams
1646;Michael Wilson
1647;Randy Wittman
1648;Chuck Aleksinas
1649;Ron Anderson
1650;Ken Bannister
1651;Charles Barkley
1652;Cory Blackwell
1653;Sam Bowie
1654;Frank Brickowski
1655;Tony Brown
1656;Steve Burtt
1657;Michael Cage
1658;Tony Campbell
1659;Rick Carlisle
1660;Antoine Carr
1661;Ron Cavenall
1662;Steve Colter
1663;Devin Durrant
1664;Kenton Edelin
1665;Kenny Fields
1666;Vern Fleming
1667;Lancaster Gordon
1668;Butch Graves
1669;Stuart Gray
1670;Mike Holton
1671;Jay Humphries
1672;Ralph Jackson
1673;Earl Jones
1674;Ozell Jones
1675;Michael Jordan
1676;Jerome Kersey
1677;Tim McCormick
1678;Jay Murphy
1679;Hakeem Olajuwon
1680;Sam Perkins
1681;Jim Petersen
1682;Gary Plummer
1683;David Pope
1684;Alvin Robertson
1685;Wayne Sappleton
1686;Tom Scheffler
1687;John Schweitz
1688;Tom Sewell
1689;Charlie Sitton
1690;Tom Sluby
1691;Terence Stansbury
1692;John Stockton
1693;Peter Thibeaux
1694;Bernard Thompson
1695;Otis Thorpe
1696;Jeff Turner
1697;Melvin Turpin
1698;Willie White
1699;Eddie Lee Wilkins
1700;Dale Wilkinson
1701;Guy Williams
1702;Kevin Willis
1703;Othell Wilson
1704;Leon Wood
1705;Danny Young
1706;Michael Young
1707;Michael Adams
1708;John Battle
1709;Benoit Benjamin
1710;Uwe Blab
1711;Manute Bol
1712;Mike Brittain
1713;Terry Catledge
1714;Lorenzo Charles
1715;Fred Cofield
1716;David Cooke
1717;Tyrone Corbin
1718;Ron Crevier
1719;Jeff Cross
1720;Joe Dumars
1721;Patrick Ewing
1722;Georgi Glouchkov
1723;A.C. Green
1724;Ken Green
1725;Kenny Green
1726;Claude Gregory
1727;Steve Harris
1728;Jerome Henderson
1729;Carl Henry
1730;Alfredrick Hughes
1731;Ken Johnson
1732;Yvon Joseph
1733;Harold Keeling
1734;Joe Kleine
1735;Jon Koncak
1736;Keith Lee
1737;Karl Malone
1738;Bill Martin
1739;Brian Martin
1740;Dwayne McClain
1741;Xavier McDaniel
1742;Ben McDonald
1743;Chris McNealy
1744;Dirk Minniefield
1745;Perry Moss
1746;Chris Mullin
1747;Charles Oakley
1748;Michael Phelps
1749;Ed Pinckney
1750;Terry Porter
1751;Blair Rasmussen
1752;Jerry Reynolds
1753;Derrick Rowland
1754;Detlef Schrempf
1755;Carey Scurry
1756;Mike Smrek
1757;Alex Stivrins
1758;Greg Stokes
1759;Bob Thornton
1760;Wayman Tisdale
1761;Sedric Toney
1762;Nick Vanos
1763;Sam Vincent
1764;Spud Webb
1765;Bill Wennington
1766;Gerald Wilkins
1767;Pete Williams
1768;Voise Winters
1769;Rafael Addison
1770;Mark Alarie
1771;William Bedford
1772;Walter Berry
1773;Joe Binion
1774;Adrian Branch
1775;Mike Brown
1776;Ben Coleman
1777;Dell Curry
1778;Brad Daugherty
1779;Johnny Dawkins
1780;Bruce Douglas
1781;Greg Dreiling
1782;Kevin Duckworth
1783;Dave Feitl
1784;Kenny Gattison
1785;Grant Gondrezick
1786;Ron Harper
1787;Cedric Henderson
1788;Kevin Henderson
1789;Conner Henry
1790;Jeff Hornacek
1791;Myron Jackson
1792;Buck Johnson
1793;Steffond Johnson
1794;Anthony Jones
1795;Tim Kempton
1796;Curtis Kitchen
1797;Larry Krystkowiak
1798;Jim Lampley
1799;Fernando Martin
1800;Maurice Martin
1801;Forrest McKenzie
1802;Nate McMillan
1803;Cozell McQueen
1804;Pete Myers
1805;Johnny Newman
1806;Dennis Nutt
1807;Chuck Person
1808;Dwayne Polee
1809;Harold Pressley
1810;Mark Price
1811;Dennis Rodman
1812;Johnny Rogers
1813;Ron Rowan
1814;John Salley
1815;Brad Sellers
1816;McKinley Singleton
1817;Scott Skiles
1818;Clinton Smith
1819;Keith Smith
1820;Otis Smith
1821;Roy Tarpley
1822;Billy Thompson
1823;Andre Turner
1824;Kenny Walker
1825;Chris Washburn
1826;Pearl Washington
1827;John Williams
1828;David Wingate
1829;Brad Wright
1830;Perry Young
1831;Mark Acres
1832;Steve Alford
1833;Greg Anderson
1834;Joe Arlauckas
1835;Vincent Askew
1836;Nate Blackwell
1837;Muggsy Bogues
1838;Norris Coleman
1839;Dallas Comegys
1840;Winston Crite
1841;Billy Donovan
1842;Chris Dudley
1843;Jim Farmer
1844;Tellis Frank
1845;Kevin Gamble
1846;Winston Garland
1847;Armen Gilliam
1848;Horace Grant
1849;Dave Henderson
1850;Dave Hoppen
1851;Dennis Hopson
1852;Eddie Hughes
1853;Mark Jackson
1854;Michael Jackson
1855;Kannard Johnson
1856;Kevin Johnson
1857;Bart Kofoed
1858;Ralph Lewis
1859;Reggie Lewis
1860;Brad Lohaus
1861;Derrick McKey
1862;Reggie Miller
1863;Andre Moore
1864;Ron Moore
1865;Ronnie Murphy
1866;Tod Murphy
1867;Martin Nessley
1868;Ken Norman
1869;Scottie Pippen
1870;Olden Polynice
1871;Richard Rellford
1872;Scott Roth
1873;Brian Rowsom
1874;Kenny Smith
1875;John Stroeder
1876;Mark Wade
1877;Milt Wagner
1878;Jamie Waller
1879;Duane Washington
1880;Chris Welp
1881;Clinton Wheeler
1882;Eric White
1883;Tony White
1884;Reggie Williams
1885;Nikita Wilson
1886;Ricky Wilson
1887;Rickie Winslow
1888;Joe Wolf
1889;Phil Zevenbergen
1890;Randy Allen
1891;Michael Anderson
1892;Willie Anderson
1893;Ricky Berry
1894;Anthony Bowie
1895;Scott Brooks
1896;Mark Bryant
1897;Greg Butler
1898;Mike Champion
1899;Rex Chapman
1900;Derrick Chievous
1901;Mark Davis
1902;Vinny Del Negro
1903;Fennis Dembo
1904;Ledell Eackles
1905;Kevin Edwards
1906;Wayne Englestad
1907;Rolando Ferreira
1908;Duane Ferrell
1909;Anthony Frederick
1910;Corey Gaines
1911;Tom Garrick
1912;Ben Gillery
1913;Orlando Graham
1914;Ron Grandison
1915;Gary Grant
1916;Harvey Grant
1917;Sylvester Gray
1918;Jeff Grayer
1919;Jack Haley
1920;Hersey Hawkins
1921;Tito Horford
1922;Avery Johnson
1923;Bill Jones
1924;Shelton Jones
1925;Steve Kerr
1926;Randolph Keys
1927;Jerome Lane
1928;Andrew Lang
1929;Eric Leckner
1930;Jim Les
1931;Rob Lock
1932;Grant Long
1933;Dan Majerle
1934;Danny Manning
1935;Vernon Maxwell
1936;Todd Mitchell
1937;Chris Morris
1938;Richard Morton
1939;Craig Neal
1940;Jose Ortiz
1941;Will Perdue
1942;Tim Perry
1943;Dave Popson
1944;Dominic Pressley
1945;Mitch Richmond
1946;Ramon Rivas
1947;David Rivers
1948;Rob Rose
1949;Jim Rowinski
1950;Rony Seikaly
1951;Charles Shackleford
1952;John Shasky
1953;Brian Shaw
1954;Keith Smart
1955;Charles Smith
1956;Rik Smits
1957;John Starks
1958;Everette Stephens
1959;Rod Strickland
1960;Barry Sumpter
1961;Anthony Taylor
1962;Tom Tolbert
1963;Kelvin Upshaw
1964;Morlon Wiley
1965;Micheal Williams
1966;David Wood
1967;Nick Anderson
1968;Michael Ansley
1969;B.J. Armstrong
1970;Dana Barros
1971;Kenny Battle
1972;Winston Bennett
1973;Mookie Blaylock
1974;Chucky Brown
1975;Raymond Brown
1976;Stanley Brundy
1977;Torgeir Bryn
1978;Steve Bucknall
1979;Adrian Caldwell
1980;Lanard Copeland
1981;Terry Davis
1982;Byron Dinkins
1983;Vlade Divac
1984;Sherman Douglas
1985;Terry Dozier
1986;Blue Edwards
1987;Jay Edwards
1988;Sean Elliott
1989;Pervis Ellison
1990;Derrick Gervin
1991;Greg Grant
1992;Scott Haffner
1993;Tom Hammonds
1994;Tim Hardaway
1995;Mike Higgins
1996;Ed Horton
1997;Byron Irvin
1998;Jaren Jackson
1999;Eric Johnson
2000;Nate Johnston
2001;Shawn Kemp
2002;Stan Kimbrough
2003;Stacey King
2004;Frank Kornet
2005;Jeff Lebo
2006;Tim Legler
2007;Gary Leonard
2008;Clifford Lett
2009;Todd Lichti
2010;Roy Marble
2011;Sarunas Marciulionis
2012;Jeff Martin
2013;Anthony Mason
2014;Bob McCann
2015;Mel McCants
2016;George McCloud
2017;Carlton McKinney
2018;Scott Meents
2019;Sam Mitchell
2020;Mike Morrison
2021;John Morton
2022;Dyron Nix
2023;Zarko Paspalj
2024;Kenny Payne
2025;Drazen Petrovic
2026;Brian Quinnett
2027;J.R. Reid
2028;Glen Rice
2029;Pooh Richardson
2030;Clifford Robinson
2031;David Robinson
2032;Doug Roth
2033;Donald Royal
2034;Delaney Rudd
2035;Jeff Sanders
2036;Dexter Shouse
2037;Michael Smith
2038;Jay Taylor
2039;Leonard Taylor
2040;Henry Turner
2041;Gary Voce
2042;Alexander Volkov
2043;Doug West
2044;Randy White
2045;Mike Williams
2046;Haywoode Workman
2047;Alaa Abdelnaby
2048;Mahmoud Abdul-Rauf
2049;Keith Askins
2050;Milos Babic
2051;Cedric Ball
2052;Lance Blanks
2053;Anthony Bonner
2054;Dee Brown
2055;Jud Buechler
2056;Matt Bullard
2057;Willie Burton
2058;Rick Calloway
2059;Elden Campbell
2060;Duane Causwell
2061;Cedric Ceballos
2062;Richard Coffey
2063;Derrick Coleman
2064;Bimbo Coles
2065;Anthony Cook
2066;Tony Dawson
2067;Mario Elie
2068;A.J. English
2069;Danny Ferry
2070;Greg Foster
2071;Tate George
2072;Kendall Gill
2073;Gerald Glass
2074;Dan Godfread
2075;Jim Grandholm
2076;Tony Harris
2077;Steve Henson
2078;Sean Higgins
2079;Tyrone Hill
2080;Dave Jamerson
2081;Henry James
2082;Les Jepsen
2083;Alec Kessler
2084;Bo Kimble
2085;Negele Knight
2086;Kurk Lee
2087;Marcus Liberty
2088;Ian Lockhart
2089;Tony Massenburg
2090;Travis Mays
2091;Terry Mills
2092;Chris Munk
2093;Jerrod Mustaf
2094;Dan O'Sullivan
2095;Alan Ogg
2096;Brian Oliver
2097;Gerald Paddio
2098;Walter Palmer
2099;Gary Payton
2100;Kevin Pritchard
2101;Larry Robinson
2102;Rumeal Robinson
2103;Steve Scheffler
2104;Dwayne Schintzius
2105;Dennis Scott
2106;Lionel Simmons
2107;Tony Smith
2108;Felton Spencer
2109;Irving Thomas
2110;Andy Toolson
2111;Loy Vaught
2112;Stojko Vrankovic
2113;Jayson Williams
2114;Kenny Williams
2115;Scott Williams
2116;Trevor Wilson
2117;Kennard Winchester
2118;Howard Wright
2119;A.J. Wynder
2120;Victor Alexander
2121;Kenny Anderson
2122;Greg Anthony
2123;Stacey Augmon
2124;Isaac Austin
2125;Steve Bardo
2126;David Benoit
2127;Terrell Brandon
2128;Kevin Brooks
2129;Myron Brown
2130;Randy Brown
2131;Demetrius Calip
2132;Pete Chilcutt
2133;Marty Conlon
2134;Tom Copa
2135;Chris Corchiani
2136;Corey Crowder
2137;Dale Davis
2138;Bison Dele
2139;Patrick Eddie
2140;LeRon Ellis
2141;Rick Fox
2142;Chris Gatling
2143;Paul Graham
2144;Sean Green
2145;Carl Herrera
2146;Donald Hodge
2147;Brian Howard
2148;Cedric Hunter
2149;Mike Iuzzolino
2150;Rich King
2151;Doug Lee
2152;Luc Longley
2153;Kevin Lynch
2154;Mark Macon
2155;Tharon Mayes
2156;Rodney Monroe
2157;Tracy Moore
2158;Eric Murdock
2159;Dikembe Mutombo
2160;Jimmy Oliver
2161;Billy Owens
2162;Keith Owens
2163;Robert Pack
2164;Elliot Perry
2165;Bobby Phills
2166;Mark Randall
2167;Stanley Roberts
2168;Doug Smith
2169;LaBradford Smith
2170;Steve Smith
2171;Larry Stewart
2172;Derek Strong
2173;Lamont Strothers
2174;Greg Sutton
2175;Carl Thomas
2176;Charles Thomas
2177;Stephen Thompson
2178;John Turner
2179;Joao Vianna
2180;Eric Anderson
2181;Anthony Avent
2182;Jon Barry
2183;Tony Bennett
2184;Alex Blackwell
2185;Ricky Blanton
2186;Walter Bond
2187;Dexter Cambridge
2188;Doug Christie
2189;Duane Cooper
2190;Joe Courtney
2191;John Crotty
2192;Radisav Curcic
2193;Lloyd Daniels
2194;Hubert Davis
2195;Todd Day
2196;Richard Dumas
2197;Pat Durham
2198;LaPhonso Ellis
2199;Matt Geiger
2200;Litterial Green
2201;Tom Gugliotta
2202;Jay Guidinger
2203;Robert Horry
2204;Byron Houston
2205;Stephen Howard
2206;Jim Jackson
2207;Keith Jennings
2208;Dave Johnson
2209;Thomas Jordan
2210;Adam Keefe
2211;Christian Laettner
2212;Sam Mack
2213;Don MacLean
2214;Marlon Maxey
2215;Lee Mayberry
2216;Oliver Miller
2217;Harold Miner
2218;Isaiah Morris
2219;Alonzo Mourning
2220;Tracy Murray
2221;Melvin Newbern
2222;Shaquille O'Neal
2223;Matt Othick
2224;Doug Overton
2225;Anthony Peeler
2226;Brent Price
2227;Anthony Pullard
2228;Sean Rooks
2229;Malik Sealy
2230;Chris Smith
2231;Reggie Smith
2232;Andre Spencer
2233;Elmore Spencer
2234;Latrell Sprewell
2235;Barry Stevens
2236;Bryant Stith
2237;Gundars Vetra
2238;Clarence Weatherspoon
2239;Marcus Webb
2240;Robert Werdann
2241;Corey Williams
2242;Lorenzo Williams
2243;Walt Williams
2244;Randy Woods
2245;Gary Alexander
2246;Vin Baker
2247;Corie Blount
2248;Shawn Bradley
2249;P.J. Brown
2250;Evers Burns
2251;Scott Burrell
2252;Mitchell Butler
2253;Sam Cassell
2254;Calbert Cheaney
2255;Michael Curry
2256;Antonio Davis
2257;Brian Davis
2258;Terry Dehere
2259;Dell Demps
2260;Acie Earl
2261;Bill Edwards
2262;Doug Edwards
2263;Harold Ellis
2264;Alphonso Ford
2265;Chad Gallagher
2266;Andrew Gaze
2267;Ricky Grace
2268;Greg Graham
2269;Josh Grant
2270;Andres Guibert
2271;Geert Hammink
2272;Anfernee Hardaway
2273;Lucious Harris
2274;Antonio Harvey
2275;Scott Haskin
2276;Skeeter Henry
2277;Allan Houston
2278;Lindsey Hunter
2279;Bobby Hurley
2280;Stanley Jackson
2281;Chris Jent
2282;Ervin Johnson
2283;Popeye Jones
2284;Adonis Jordan
2285;Reggie Jordan
2286;Warren Kidd
2287;Chris King
2288;Toni Kukoc
2289;George Lynch
2290;Malcolm Mackey
2291;Gerald Madkins
2292;Bob Martin
2293;Jamal Mashburn
2294;Darnell Mee
2295;Chris Mills
2296;Darren Morningstar
2297;Gheorghe Muresan
2298;Bo Outlaw
2299;Mike Peplowski
2300;Richard Petruska
2301;Dino Radja
2302;Isaiah Rider
2303;Eric Riley
2304;James Robinson
2305;Rodney Rogers
2306;Bryon Russell
2307;Kevin Thompson
2308;Keith Tower
2309;Nick Van Exel
2310;Rex Walters
2311;Chris Webber
2312;Matt Wenstrom
2313;David Wesley
2314;Chris Whitney
2315;Aaron Williams
2316;Luther Wright
2317;Derrick Alston
2318;Darrell Armstrong
2319;Sergei Bazarevich
2320;Elmer Bennett
2321;James Blackwell
2322;Tim Breaux
2323;Chris Childs
2324;Bill Curley
2325;Yinka Dare
2326;Tony Dumas
2327;Howard Eisley
2328;Matt Fish
2329;Brian Grant
2330;Darrin Hancock
2331;Jerome Harmon
2332;Grant Hill
2333;Tom Hovasse
2334;Juwan Howard
2335;Askia Jones
2336;Eddie Jones
2337;Jason Kidd
2338;Antonio Lang
2339;Ryan Lorthridge
2340;Donyell Marshall
2341;Darrick Martin
2342;Jim McIlvaine
2343;Aaron McKie
2344;Anthony Miller
2345;Greg Minor
2346;Eric Mobley
2347;Eric Montross
2348;Dwayne Morton
2349;Lamond Murray
2350;Ivano Newbill
2351;Julius Nwosu
2352;Wesley Person
2353;Derrick Phelps
2354;Eric Piatkowski
2355;Eldridge Recasner
2356;Khalid Reeves
2357;Glenn Robinson
2358;Carlos Rogers
2359;Jalen Rose
2360;Clifford Rozier
2361;Trevor Ruffin
2362;Dickey Simpkins
2363;Reggie Slater
2364;Mark Strickland
2365;Aaron Swinson
2366;Zan Tabak
2367;Brooks Thompson
2368;Anthony Tucker
2369;B.J. Tyler
2370;Fred Vinson
2371;Charlie Ward
2372;Jamie Watson
2373;Monty Williams
2374;Dontonio Wingfield
2375;Sharone Wright
2376;Cory Alexander
2377;Jerome Allen
2378;John Amaechi
2379;Ashraf Amaya
2380;Brent Barry
2381;Corey Beck
2382;Mario Bennett
2383;Travis Best
2384;Melvin Booker
2385;Donnie Boyce
2386;Marques Bragg
2387;Junior Burrough
2388;Jason Caffey
2389;Chris Carr
2390;Randolph Childress
2391;Robert Churchwell
2392;Charles Claxton
2393;John Coker
2394;Rastko Cvetkovic
2395;Sasha Danilovic
2396;Andrew DeClercq
2397;Tyus Edney
2398;Vincenzo Esposito
2399;Michael Finley
2400;Sherell Ford
2401;Kevin Garnett
2402;Anthony Goldwire
2403;Thomas Hamilton
2404;Alvin Heggs
2405;Alan Henderson
2406;Fred Hoiberg
2407;Darryl Johnson
2408;Frankie King
2409;Jimmy King
2410;Voshon Lenard
2411;Cedric Lewis
2412;Martin Lewis
2413;Rich Manning
2414;Donny Marshall
2415;Cuonzo Martin
2416;Clint McDaniel
2417;Antonio McDyess
2418;Loren Meyer
2419;Lawrence Moten
2420;Todd Mundt
2421;Howard Nathan
2422;Ed O'Bannon
2423;Greg Ostertag
2424;Cherokee Parks
2425;Theo Ratliff
2426;Bryant Reeves
2427;Don Reid
2428;Terrence Rencher
2429;Shawn Respert
2430;Lou Roe
2431;Stefano Rusconi
2432;Arvydas Sabonis
2433;Joe Smith
2434;Eric Snow
2435;Jerry Stackhouse
2436;Damon Stoudamire
2437;Bob Sura
2438;Larry Sykes
2439;Kurt Thomas
2440;Gary Trent
2441;Logan Vander Velden
2442;David Vaughn
2443;Rasheed Wallace
2444;Jeff Webster
2445;Dwayne Whitfield
2446;Eric Williams
2447;Corliss Williamson
2448;George Zidek
2449;Shareef Abdur-Rahim
2450;Ray Allen
2451;Shandon Anderson
2452;Dexter Boney
2453;Bruce Bowen
2454;Mark Bradtke
2455;Marcus Brown
2456;Kobe Bryant
2457;Marcus Camby
2458;Jimmy Carruth
2459;Erick Dampier
2460;Ben Davis
2461;Emanual Davis
2462;Tony Delk
2463;Aleksandar Djordjevic
2464;Nate Driggers
2465;Brian Evans
2466;Jamie Feick
2467;Derek Fisher
2468;Todd Fuller
2469;Dean Garrett
2470;Reggie Geary
2471;Devin Gray
2472;Evric Gray
2473;Darvin Ham
2474;Steve Hamer
2475;Othella Harrington
2476;Michael Hawkins
2477;Shane Heal
2478;Mark Hendrickson
2479;Allen Iverson
2480;Kerry Kittles
2481;Travis Knight
2482;Priest Lauderdale
2483;Randy Livingston
2484;Horacio Llamas Grey
2485;Matt Maloney
2486;Stephon Marbury
2487;Walter McCarty
2488;Amal McCaskill
2489;Jeff McInnis
2490;Martin Muursepp
2491;Steve Nash
2492;Ruben Nembhard
2493;Gaylon Nickerson
2494;Moochie Norris
2495;Jermaine O'Neal
2496;Ray Owes
2497;Vitaly Potapenko
2498;Chris Robinson
2499;Roy Rogers
2500;Malik Rose
2501;Kevin Salvadori
2502;Jason Sasser
2503;Brent Scott
2504;James Scott
2505;Shawnelle Scott
2506;Stevin Smith
2507;Matt Steigenga
2508;Joe Stephens
2509;Erick Strickland
2510;Brett Szabo
2511;Antoine Walker
2512;Samaki Walker
2513;Ben Wallace
2514;John Wallace
2515;Donald Whiteside
2516;Jerome Williams
2517;Lorenzen Wright
2518;Tariq Abdul-Wahad
2519;Derek Anderson
2520;Chris Anstey
2521;Drew Barry
2522;Tony Battie
2523;Chauncey Billups
2524;Etdrick Bohannon
2525;Keith Booth
2526;Rick Brunson
2527;Kelvin Cato
2528;Keith Closs
2529;James Collins
2530;James Cotton
2531;Chris Crawford
2532;Austin Croshere
2533;William Cunningham
2534;Antonio Daniels
2535;Tim Duncan
2536;Tony Farmer
2537;Danny Fortson
2538;Adonal Foyle
2539;Lawrence Funderburke
2540;Chris Garner
2541;Kiwane Garris
2542;Ed Gray
2543;Derek Grimm
2544;Reggie Hanson
2545;Jerald Honeycutt
2546;Troy Hudson
2547;Zydrunas Ilgauskas
2548;Bobby Jackson
2549;Anthony Johnson
2550;Dontae' Jones
2551;Brevin Knight
2552;Rusty LaRue
2553;Jason Lawson
2554;Michael McDonald
2555;Tracy McGrady
2556;Ron Mercer
2557;Marko Milic
2558;Jeff Nordgaard
2559;Charles O'Bannon
2560;Kevin Ollie
2561;Anthony Parker
2562;Scot Pollard
2563;Mark Pope
2564;Rodrick Rhodes
2565;Shea Seals
2566;God Shammgod
2567;Kebu Stewart
2568;Michael Stewart
2569;Ed Stokes
2570;Johnny Taylor
2571;Maurice Taylor
2572;John Thomas
2573;Tim Thomas
2574;Keith Van Horn
2575;Jacque Vaughn
2576;Eric Washington
2577;Bubba Wells
2578;DeJuan Wheat
2579;Alvin Williams
2580;Brandon Williams
2581;Travis Williams
2582;Peter Aluma
2583;Toby Bailey
2584;LaMark Baker
2585;Corey Benjamin
2586;Mike Bibby
2587;Earl Boykins
2588;Gerald Brown
2589;Cory Carr
2590;Vince Carter
2591;Keon Clark
2592;Kornel David
2593;Ricky Davis
2594;Michael Dickerson
2595;Michael Doleac
2596;Bryce Drew
2597;Marlon Garnett
2598;Pat Garrity
2599;Paul Grant
2600;Matt Harpring
2601;Al Harrington
2602;J.R. Henderson
2603;Larry Hughes
2604;Randell Jackson
2605;Sam Jacobson
2606;Jerome James
2607;Antawn Jamison
2608;Damon Jones
2609;Jonathan Kerner
2610;Gerard King
2611;Raef LaFrentz
2612;Rashard Lewis
2613;Felipe Lopez
2614;Tyronn Lue
2615;Sean Marks
2616;Kelly McCarty
2617;Jelani McCoy
2618;Roshown McLeod
2619;Brad Miller
2620;Cuttino Mobley
2621;Nazr Mohammed
2622;Mikki Moore
2623;Makhtar N'Diaye
2624;Tyrone Nesby
2625;Rasho Nesterovic
2626;Dirk Nowitzki
2627;Michael Olowokandi
2628;Andrae Patterson
2629;Ruben Patterson
2630;Paul Pierce
2631;Casey Shaw
2632;Jeffrey Sheppard
2633;Miles Simon
2634;Alvin Sims
2635;Brian Skinner
2636;Ryan Stack
2637;Vladimir Stepania
2638;Peja Stojakovic
2639;Bruno Sundov
2640;Robert Traylor
2641;Bonzi Wells
2642;Tyson Wheeler
2643;Jahidi White
2644;Jason Williams
2645;Shammond Williams
2646;Trevor Winter
2647;Korleone Young
2648;Rafer Alston
2649;Chucky Atkins
2650;William Avery
2651;Jonathan Bender
2652;Calvin Booth
2653;Lazaro Borrell
2654;Cal Bowdler
2655;Ryan Bowen
2656;Ira Bowman
2657;A.J. Bramlett
2658;Elton Brand
2659;Greg Buckner
2660;Rodney Buford
2661;Anthony Carter
2662;John Celestand
2663;Vonteego Cummings
2664;Baron Davis
2665;Derrick Dial
2666;Obinna Ekezie
2667;Evan Eschmeyer
2668;Jeff Foster
2669;Steve Francis
2670;Devean George
2671;Dion Glover
2672;Adrian Griffin
2673;Richard Hamilton
2674;Chris Herren
2675;Derek Hood
2676;Rick Hughes
2677;Jermaine Jackson
2678;Tim James
2679;Harold Jamison
2680;DeMarco Johnson
2681;Jumaine Jones
2682;Lari Ketner
2683;Trajan Langdon
2684;Quincy Lewis
2685;Todd MacCulloch
2686;Corey Maggette
2687;Shawn Marion
2688;Andre Miller
2689;Jason Miskiri
2690;Lamar Odom
2691;Scott Padgett
2692;Milt Palacio
2693;James Posey
2694;Laron Profit
2695;Aleksandar Radojevic
2696;Ryan Robertson
2697;Eddie Robinson
2698;Michael Ruffin
2699;Wally Szczerbiak
2700;Jason Terry
2701;Jamel Thomas
2702;Kenny Thomas
2703;Mirsad Turkcan
2704;Wayne Turner
2705;Dedric Willoughby
2706;Metta World Peace
2707;Tim Young
2708;Courtney Alexander
2709;Dalibor Bagaric
2710;Erick Barkley
2711;Raja Bell
2712;Mark Blount
2713;Brian Cardinal
2714;Mateen Cleaves
2715;Jason Collier
2716;Sean Colson
2717;Jamal Crawford
2718;Keyon Dooling
2719;Khalid El-Amin
2720;Marcus Fizer
2721;Ruben Garces
2722;Eddie Gill
2723;Steve Goodrich
2724;A.J. Guyton
2725;Zendon Hamilton
2726;Jason Hart
2727;Donnell Harvey
2728;Eddie House
2729;Marc Jackson
2730;Stephen Jackson
2731;DerMarr Johnson
2732;Garth Joseph
2733;Dan Langhi
2734;Art Long
2735;Mark Madsen
2736;Jamaal Magloire
2737;Kenyon Martin
2738;Desmond Mason
2739;Dan McClintock
2740;Paul McPherson
2741;Stanislav Medvedenko
2742;Chris Mihm
2743;Darius Miles
2744;Mike Miller
2745;Jerome Moiso
2746;Hanno Mottola
2747;Mamadou N'Diaye
2748;Lee Nailon
2749;Eduardo Najera
2750;Ira Newble
2751;Olumide Oyedeji
2752;Andy Panko
2753;Mike Penberthy
2754;Morris Peterson
2755;Chris Porter
2756;Lavor Postell
2757;Joel Przybilla
2758;Michael Redd
2759;Quentin Richardson
2760;Terrance Roberson
2761;Jamal Robinson
2762;Soumaila Samake
2763;Pepe Sanchez
2764;Daniel Santiago
2765;Jabari Smith
2766;Mike Smith
2767;DeShawn Stevenson
2768;Stromile Swift
2769;Dragan Tarlac
2770;Jake Tsakalidis
2771;Hedo Turkoglu
2772;David Vanterpool
2773;Jake Voskuhl
2774;Ruben Wolkowyski
2775;Wang Zhizhi
2776;Malik Allen
2777;Chris Andersen
2778;Gilbert Arenas
2779;Brandon Armstrong
2780;Carlos Arroyo
2781;Mengke Bateer
2782;Shane Battier
2783;Charlie Bell
2784;Ruben Boumtje-Boumtje
2785;Michael Bradley
2786;Jamison Brewer
2787;Primoz Brezec
2788;Damone Brown
2789;Ernest Brown
2790;Kedrick Brown
2791;Kwame Brown
2792;Tierre Brown
2793;Tyson Chandler
2794;Speedy Claxton
2795;Jarron Collins
2796;Jason Collins
2797;Joe Crispin
2798;Eddy Curry
2799;Samuel Dalembert
2800;DeSagana Diop
2801;Predrag Drobnjak
2802;Maurice Evans
2803;Isaac Fontaine
2804;Alton Ford
2805;Joseph Forte
2806;Antonis Fotsis
2807;Tremaine Fowlkes
2808;Pau Gasol
2809;Eddie Griffin
2810;Tang Hamilton
2811;Trenton Hassell
2812;Kirk Haston
2813;Brendan Haywood
2814;Steven Hunter
2815;Mike James
2816;Richard Jefferson
2817;Joe Johnson
2818;Alvin Jones
2819;Andrei Kirilenko
2820;Terence Morris
2821;Troy Murphy
2822;Dean Oliver
2823;Tony Parker
2824;Vladimir Radmanovic
2825;Zach Randolph
2826;Zeljko Rebraca
2827;Jason Richardson
2828;Norm Richardson
2829;Jeryl Sasser
2830;Kenny Satterfield
2831;Brian Scalabrine
2832;Ansu Sesay
2833;Bobby Simmons
2834;Leon Smith
2835;Will Solomon
2836;Etan Thomas
2837;Jamaal Tinsley
2838;Oscar Torres
2839;Jeff Trepagnier
2840;Ratko Varda
2841;Gerald Wallace
2842;Earl Watson
2843;Rodney White
2844;Loren Woods
2845;Robert Archibald
2846;Maceo Baston
2847;Mike Batiste
2848;Lonny Baxter
2849;Carlos Boozer
2850;J.R. Bremer
2851;Devin Brown
2852;Pat Burke
2853;Caron Butler
2854;Rasual Butler
2855;Dan Dickau
2856;Juan Dixon
2857;Melvin Ely
2858;Reggie Evans
2859;Dan Gadzuric
2860;Manu Ginobili
2861;Gordan Giricek
2862;Drew Gooden
2863;Marcus Haislip
2864;Adam Harrington
2865;Junior Harrington
2866;Juaquin Hawkins
2867;Nene Hilario
2868;Nate Huffman
2869;Ryan Humphrey
2870;Casey Jacobsen
2871;Marko Jaric
2872;Chris Jefferies
2873;Jared Jeffries
2874;Fred Jones
2875;Sean Lampley
2876;Tito Maddox
2877;Roger Mason
2878;Yao Ming
2879;Ronald Murray
2880;Bostjan Nachbar
2881;Mehmet Okur
2882;Chris Owens
2883;Jannero Pargo
2884;Smush Parker
2885;Tayshaun Prince
2886;Igor Rakocevic
2887;Efthimi Rentzias
2888;Antoine Rigaudeau
2889;Guy Rucker
2890;Kareem Rush
2891;John Salmons
2892;Jamal Sampson
2893;Predrag Savovic
2894;Paul Shirley
2895;Tamar Slay
2896;Amar'e Stoudemire
2897;Cezary Trybanski
2898;Nikoloz Tskitishvili
2899;Dajuan Wagner
2900;Jiri Welsch
2901;Chris Wilcox
2902;Mike Wilks
2903;Frank Williams
2904;Jay Williams
2905;Qyntel Woods
2906;Vincent Yarbrough
2907;Carmelo Anthony
2908;Marcus Banks
2909;Leandro Barbosa
2910;Matt Barnes
2911;Jerome Beasley
2912;Troy Bell
2913;Steve Blake
2914;Keith Bogans
2915;Curtis Borchardt
2916;Chris Bosh
2917;Torraye Braggs
2918;Zarko Cabarkapa
2919;Matt Carroll
2920;Maurice Carter
2921;Brian Cook
2922;Omar Cook
2923;Marquis Daniels
2924;Josh Davis
2925;Boris Diaw
2926;Kaniel Dickens
2927;Ronald Dupree
2928;Ndudi Ebi
2929;Francisco Elson
2930;Desmond Ferguson
2931;T.J. Ford
2932;Richie Frahm
2933;Hiram Fuller
2934;Reece Gaines
2935;Alex Garcia
2936;Willie Green
2937;Ben Handlogten
2938;Travis Hansen
2939;Udonis Haslem
2940;Jarvis Hayes
2941;Kirk Hinrich
2942;Josh Howard
2943;Brandon Hunter
2944;LeBron James
2945;Britton Johnsen
2946;Linton Johnson
2947;Dahntay Jones
2948;James Jones
2949;Chris Kaman
2950;Jason Kapono
2951;Kyle Korver
2952;Maciej Lampe
2953;Raul Lopez
2954;Keith McLeod
2955;Darko Milicic
2956;Travis Outlaw
2957;Zaza Pachulia
2958;Sasha Pavlovic
2959;Desmond Penigar
2960;Kirk Penney
2961;Kendrick Perkins
2962;Mickael Pietrus
2963;Zoran Planinic
2964;Luke Ridnour
2965;Theron Smith
2966;Darius Songaila
2967;Mike Sweetney
2968;Ime Udoka
2969;Slavko Vranes
2970;Dwyane Wade
2971;Luke Walton
2972;David West
2973;Mo Williams
2974;Tony Allen
2975;Rafael Araujo
2976;Trevor Ariza
2977;Maurice Baker
2978;Andre Barrett
2979;Andris Biedrins
2980;Tony Bobbitt
2981;Matt Bonner
2982;Antonio Burks
2983;Jackie Butler
2984;Geno Carlisle
2985;Lionel Chalmers
2986;Josh Childress
2987;Nick Collison
2988;Erik Daniels
2989;Carlos Delfino
2990;Luol Deng
2991;Chris Duhon
2992;Corsley Edwards
2993;John Edwards
2994;Andre Emmett
2995;Luis Flores
2996;Matt Freije
2997;Ben Gordon
2998;Devin Harris
2999;David Harrison
3000;Dwight Howard
3001;Kris Humphries
3002;Andre Iguodala
3003;Didier Ilunga-Mbenga
3004;Royal Ivey
3005;Al Jefferson
3006;Horace Jenkins
3007;Mario Kasun
3008;Viktor Khryapa
3009;Brandin Knight
3010;Nenad Krstic
3011;Ibo Kutluay
3012;Shaun Livingston
3013;Kevin Martin
3014;Jameer Nelson
3015;Andres Nocioni
3016;Emeka Okafor
3017;Pavel Podkolzin
3018;Peter John Ramos
3019;Justin Reed
3020;Jared Reiner
3021;Bernard Robinson
3022;Quinton Ross
3023;Ha Seung-Jin
3024;Donta Smith
3025;J.R. Smith
3026;Josh Smith
3027;Kirk Snyder
3028;Pape Sow
3029;Awvee Storey
3030;Robert Swift
3031;Yuta Tabuse
3032;Sebastian Telfair
3033;Billy Thomas
3034;James Thomas
3035;Beno Udrih
3036;Anderson Varejao
3037;Jackson Vroman
3038;Sasha Vujacic
3039;Delonte West
3040;Damien Wilkins
3041;Dorell Wright
3042;Alex Acker
3043;Alan Anderson
3044;Martynas Andriuskevicius
3045;Earl Barron
3046;Eddie Basden
3047;Brandon Bass
3048;Esteban Batista
3049;Andray Blatche
3050;Andrew Bogut
3051;Kevin Burleson
3052;Andrew Bynum
3053;Will Bynum
3054;Jose Calderon
3055;Travis Diener
3056;Ike Diogu
3057;Monta Ellis
3058;Daniel Ewing
3059;Noel Felix
3060;Raymond Felton
3061;Gerald Fitch
3062;Sharrod Ford
3063;Channing Frye
3064;Deng Gai
3065;Francisco Garcia
3066;Ryan Gomes
3067;Joey Graham
3068;Stephen Graham
3069;Danny Granger
3070;Devin Green
3071;Gerald Green
3072;Orien Greene
3073;Anthony Grundy
3074;Chuck Hayes
3075;Luther Head
3076;Julius Hodge
3077;Randy Holcomb
3078;Jarrett Jack
3079;Sarunas Jasikevicius
3080;Amir Johnson
3081;Dwayne Jones
3082;Linas Kleiza
3083;Yaroslav Korolev
3084;David Lee
3085;Arvydas Macijauskas
3086;Rawle Marshall
3087;Jason Maxiell
3088;Sean May
3089;Rashad McCants
3090;Aaron Miles
3091;C.J. Miles
3092;Sergei Monia
3093;Boniface N'Dong
3094;Fabricio Oberto
3095;Andre Owens
3096;Chris Paul
3097;Johan Petro
3098;Josh Powell
3099;Ronnie Price
3100;Shavlik Randolph
3101;Anthony Roberson
3102;Lawrence Roberts
3103;Nate Robinson
3104;Melvin Sanders
3105;Alex Scales
3106;Luke Schenscher
3107;Wayne Simien
3108;James Singleton
3109;Salim Stoudamire
3110;Chris Taft
3111;Donell Taylor
3112;Dijon Thompson
3113;Ronny Turiaf
3114;Charlie Villanueva
3115;Von Wafer
3116;Matt Walsh
3117;Hakim Warrick
3118;Martell Webster
3119;Robert Whaley
3120;Deron Williams
3121;Lou Williams
3122;Marvin Williams
3123;Antoine Wright
3124;Bracey Wright
3125;Derrick Zimmerman
3126;Hassan Adams
3127;Maurice Ager
3128;LaMarcus Aldridge
3129;Lou Amundson
3130;Hilton Armstrong
3131;James Augustine
3132;Kelenna Azubuike
3133;Renaldo Balkman
3134;J.J. Barea
3135;Andrea Bargnani
3136;Will Blalock
3137;Josh Boone
3138;Cedric Bozeman
3139;Ronnie Brewer
3140;Andre Brown
3141;Shannon Brown
3142;Rodney Carney
3143;Mardy Collins
3144;Will Conroy
3145;Paul Davis
3146;Yakhouba Diawara
3147;Quincy Douby
3148;Jordan Farmar
3149;Desmon Farmer
3150;Randy Foye
3151;Jorge Garbajosa
3152;Rudy Gay
3153;Mickael Gelabale
3154;Daniel Gibson
3155;Andreas Glyniadakis
3156;Lynn Greer
3157;Mike Hall
3158;Walter Herrmann
3159;Robert Hite
3160;Ryan Hollins
3161;Mile Ilic
3162;Ersan Ilyasova
3163;Alexander Johnson
3164;Solomon Jones
3165;Tarence Kinsey
3166;James Lang
3167;Kyle Lowry
3168;Renaldo Major
3169;Damir Markota
3170;Chris McCray
3171;Ivan McFarlin
3172;Pops Mensah-Bonsu
3173;Paul Millsap
3174;Randolph Morris
3175;Adam Morrison
3176;David Noel
3177;Steve Novak
3178;Patrick O'Bryant
3179;Kevinn Pinkney
3180;Leon Powe
3181;Roger Powell
3182;Chris Quinn
3183;Allan Ray
3184;J.J. Redick
3185;Jeremy Richardson
3186;Sergio Rodriguez
3187;Rajon Rondo
3188;Brandon Roy
3189;Thabo Sefolosha
3190;Mouhamed Sene
3191;Cedric Simmons
3192;Uros Slokar
3193;Craig Smith
3194;Steven Smith
3195;Vassilis Spanoulis
3196;Tyrus Thomas
3197;P.J. Tucker
3198;Marcus Vinicius
3199;James White
3200;Justin Williams
3201;Marcus Williams
3202;Shawne Williams
3203;Shelden Williams
3204;Arron Afflalo
3205;Blake Ahearn
3206;Lance Allred
3207;Morris Almond
3208;Joel Anthony
3209;Marco Belinelli
3210;Corey Brewer
3211;Aaron Brooks
3212;Wilson Chandler
3213;Mike Conley
3214;Daequan Cook
3215;Javaris Crittenton
3216;Jermareo Davidson
3217;Glen Davis
3218;Guillermo Diaz
3219;Jared Dudley
3220;Kevin Durant
3221;Nick Fazekas
3222;Kyrylo Fesenko
3223;Thomas Gardner
3224;Marcin Gortat
3225;Aaron Gray
3226;Jeff Green
3227;Taurean Green
3228;Mike Harris
3229;Spencer Hawes
3230;Al Horford
3231;Yi Jianlian
3232;Coby Karl
3233;Carl Landry
3234;Keith Langford
3235;Stephane Lasme
3236;Acie Law
3237;Ian Mahinmi
3238;Dominic McGuire
3239;Josh McRoberts
3240;Jamario Moon
3241;Juan Carlos Navarro
3242;Demetris Nichols
3243;Joakim Noah
3244;Oleksiy Pecherov
3245;Kosta Perovic
3246;Kasib Powell
3247;Gabe Pruitt
3248;Chris Richard
3249;Cheikh Samb
3250;Luis Scola
3251;Ramon Sessions
3252;Courtney Sims
3253;Jason Smith
3254;D.J. Strawberry
3255;Rodney Stuckey
3256;Al Thornton
3257;Alando Tucker
3258;Darius Washington
3259;Darryl Watkins
3260;C.J. Watson
3261;Mario West
3262;Sean Williams
3263;Brandan Wright
3264;Julian Wright
3265;Nick Young
3266;Thaddeus Young
3267;Alexis Ajinca
3268;Joe Alexander
3269;Ryan Anderson
3270;Darrell Arthur
3271;D.J. Augustin
3272;Nicolas Batum
3273;Jerryd Bayless
3274;Michael Beasley
3275;Bobby Brown
3276;Mario Chalmers
3277;Joe Crawford
3278;Joey Dorsey
3279;Chris Douglas-Roberts
3280;Goran Dragic
3281;Rudy Fernandez
3282;Danilo Gallinari
3283;Marc Gasol
3284;J.R. Giddens
3285;Eric Gordon
3286;Donte Greene
3287;Hamed Haddadi
3288;Malik Hairston
3289;Roy Hibbert
3290;J.J. Hickson
3291;George Hill
3292;Steven Hill
3293;Othello Hunter
3294;Darnell Jackson
3295;Nathan Jawai
3296;Dontell Jefferson
3297;Trey Johnson
3298;DeAndre Jordan
3299;Kosta Koufos
3300;Rob Kurz
3301;Courtney Lee
3302;Brook Lopez
3303;Robin Lopez
3304;Kevin Love
3305;Cartier Martin
3306;O.J. Mayo
3307;Luc Mbah a Moute
3308;JaVale McGee
3309;Anthony Morrow
3310;DeMarcus Nelson
3311;Greg Oden
3312;Anthony Randolph
3313;Derrick Rose
3314;Brandon Rush
3315;Walter Sharpe
3316;Sean Singletary
3317;Marreese Speights
3318;Mike Taylor
3319;Jason Thompson
3320;Anthony Tolliver
3321;Roko Ukic
3322;Henry Walker
3323;Kyle Weaver
3324;Sonny Weems
3325;Russell Westbrook
3326;D.J. White
3327;Jawad Williams
3328;Sun Yue
3329;David Andersen
3330;Antonio Anderson
3331;Jeff Ayres
3332;Rodrigue Beaubois
3333;DeJuan Blair
3334;Jon Brockman
3335;Derrick Brown
3336;Chase Budinger
3337;DeMarre Carroll
3338;Omri Casspi
3339;Earl Clark
3340;Darren Collison
3341;Dante Cunningham
3342;JamesOn Curry
3343;Stephen Curry
3344;Austin Daye
3345;DeMar DeRozan
3346;Toney Douglas
3347;Wayne Ellington
3348;Tyreke Evans
3349;Jonny Flynn
3350;Sundiata Gaines
3351;Alonzo Gee
3352;Taj Gibson
3353;Trey Gilder
3354;Danny Green
3355;Taylor Griffin
3356;Tyler Hansbrough
3357;James Harden
3358;Jordan Hill
3359;Jrue Holiday
3360;Lester Hudson
3361;Chris Hunter
3362;Serge Ibaka
3363;Cedric Jackson
3364;Othyus Jeffers
3365;Brandon Jennings
3366;Jonas Jerebko
3367;James Johnson
3368;Oliver Lafayette
3369;Marcus Landry
3370;Ty Lawson
3371;Wesley Matthews
3372;Eric Maynor
3373;Jodie Meeks
3374;Patty Mills
3375;Byron Mullens
3376;A.J. Price
3377;DaJuan Summers
3378;Jermaine Taylor
3379;Jeff Teague
3380;Garrett Temple
3381;Hasheem Thabeet
3382;Marcus Thornton
3383;Terrence Williams
3384;Sam Young
3385;Jeff Adrien
3386;Solomon Alabi
3387;Cole Aldrich
3388;Al-Farouq Aminu
3389;James Anderson
3390;Omer Asik
3391;Luke Babbitt
3392;Eric Bledsoe
3393;Trevor Booker
3394;Craig Brackins
3395;Avery Bradley
3396;Derrick Caracter
3397;Sherron Collins
3398;Marcus Cousin
3399;DeMarcus Cousins
3400;Jordan Crawford
3401;Ed Davis
3402;Zabian Dowdell
3403;Devin Ebanks
3404;Semih Erden
3405;Jeremy Evans
3407;Christian Eyenga
3408;Derrick Favors
3409;Landry Fields
3410;Gary Forbes
3411;Paul George
3412;Blake Griffin
3413;Luke Harangody
3414;Manny Harris
3415;Gordon Hayward
3416;Lazar Hayward
3417;Xavier Henry
3418;Damion James
3419;Eugene Jeter
3420;Armon Johnson
3421;Chris Johnson
3422;Wesley Johnson
3423;Dominique Jones
3424;Gani Lawal
3425;Jeremy Lin
3426;Greg Monroe
3427;Timofey Mozgov
3428;Hamady N'Diaye
3429;Gary Neal
3430;Larry Owens
3431;Patrick Patterson
3432;Nikola Pekovic
3433;Dexter Pittman
3434;Quincy Pondexter
3435;Andy Rautins
3436;Samardo Samuels
3437;Larry Sanders
3438;Kevin Seraphin
3439;Mustafa Shakur
3440;Garret Siler
3441;Ish Smith
3442;Tiago Splitter
3443;Lance Stephenson
3444;Pape Sy
3445;Evan Turner
3446;Ekpe Udoh
3447;Ben Uzoh
3448;Greivis Vasquez
3449;John Wall
3450;Willie Warren
3451;Hassan Whiteside
3452;Lavoy Allen
3453;Gustavo Ayon
3454;Keith Benson
3455;Bismack Biyombo
3456;MarShon Brooks
3457;Alec Burks
3458;Jimmy Butler
3459;Derrick Byars
3460;Norris Cole
3461;Eric Dawson
3462;Justin Dentmon
3463;Jerome Dyson
3464;Kenneth Faried
3465;Jeff Foote
3466;Courtney Fortson
3467;Jimmer Fredette
3468;Mickell Gladness
3469;Andrew Goudelock
3470;Jordan Hamilton
3471;Justin Harper
3472;Josh Harrellson
3473;Terrel Harris
3474;Tobias Harris
3475;Cory Higgins
3476;Darington Hobson
3477;Tyler Honeycutt
3478;Dennis Horner
3479;Kyrie Irving
3480;Reggie Jackson
3481;Charles Jenkins
3482;Carldell Johnson
3483;Ivan Johnson
3484;JaJuan Johnson
3485;Jerome Jordan
3486;Cory Joseph
3487;Enes Kanter
3488;D.J. Kennedy
3489;Brandon Knight
3490;Malcolm Lee
3491;Kawhi Leonard
3492;Travis Leslie
3493;Jon Leuer
3494;DeAndre Liggins
3495;Shelvin Mack
3496;Vernon Macklin
3497;E'Twaun Moore
3498;Darius Morris
3499;Marcus Morris
3500;Markieff Morris
3501;Daniel Orton
3502;Jeremy Pargo
3503;Chandler Parsons
3504;Ryan Reid
3505;Ricky Rubio
3506;Josh Selby
3507;Iman Shumpert
3508;Xavier Silas
3509;Chris Singleton
3510;Donald Sloan
3511;Jerry Smith
3512;Nolan Smith
3513;Greg Stiemsma
3514;Julyan Stone
3515;Isaiah Thomas
3516;Lance Thomas
3517;Malcolm Thomas
3518;Trey Thompkins
3519;Klay Thompson
3520;Mychel Thompson
3521;Tristan Thompson
3522;Jeremy Tyler
3523;Edwin Ubiles
3524;Jan Vesely
3525;Nikola Vucevic
3526;Kemba Walker
3527;Derrick Williams
3528;Elliot Williams
3529;Jordan Williams
3530;Chris Wright
3531;Quincy Acy
3532;Josh Akognon
3533;Harrison Barnes
3534;Will Barton
3535;Aron Baynes
3536;Kent Bazemore
3537;Bradley Beal
3538;Patrick Beverley
3539;Victor Claver
3540;Chris Copeland
3541;Jae Crowder
3542;Jared Cunningham
3543;Anthony Davis
3544;Nando De Colo
3545;Andre Drummond
3546;Kim English
3547;Festus Ezeli
3548;Evan Fournier
3549;Joel Freeland
3550;Diante Garrett
3551;Draymond Green
3552;Ben Hansbrough
3553;Maurice Harkless
3554;John Henson
3555;Justin Holiday
3556;Bernard James
3557;John Jenkins
3558;Orlando Johnson
3559;Darius Johnson-Odom
3560;DeQuan Jones
3561;Kevin Jones
3562;Perry Jones
3563;Terrence Jones
3564;Kris Joseph
3565;Michael Kidd-Gilchrist
3566;Viacheslav Kravtsov
3567;Doron Lamb
3568;Jeremy Lamb
3569;Meyers Leonard
3570;Damian Lillard
3571;Scott Machado
3572;Kendall Marshall
3573;Fab Melo
3574;Khris Middleton
3575;Darius Miller
3576;Quincy Miller
3577;Donatas Motiejunas
3578;Arnett Moultrie
3579;Kevin Murphy
3580;Andrew Nicholson
3581;Kyle O'Quinn
3582;Tim Ohlbrecht
3583;Miles Plumlee
3584;Pablo Prigioni
3585;Austin Rivers
3586;Brian Roberts
3587;Thomas Robinson
3588;Terrence Ross
3589;Robert Sacre
3590;Mike Scott
3591;Tornike Shengelia
3592;Alexey Shved
3593;Henry Sims
3594;Kyle Singler
3595;Jared Sullinger
3596;Jeffery Taylor
3597;Tyshawn Taylor
3598;Marquis Teague
3599;Mirza Teletovic
3600;Jonas Valanciunas
3601;Jarvis Varnado
3602;Dion Waiters
3603;Maalik Wayns
3604;Tony Wroten
3605;Luke Zeller
3606;Tyler Zeller
3607;Steven Adams
3608;Giannis Antetokounmpo
3609;Pero Antic
3610;Chris Babb
3611;Anthony Bennett
3612;Vander Blue
3613;Lorenzo Brown
3614;Reggie Bullock
3615;Trey Burke
3616;Dwight Buycks
3617;Nick Calathes
3618;Kentavious Caldwell-Pope
3619;Isaiah Canaan
3620;Michael Carter-Williams
3621;Dionte Christmas
3622;Ian Clark
3623;Robert Covington
3624;Allen Crabbe
3625;Seth Curry
3626;Troy Daniels
3627;Luigi Datome
3628;Brandon Davies
3629;Dewayne Dedmon
3630;Matthew Dellavedova
3631;Gorgui Dieng
3632;Shane Edwards
3633;Vitor Faverani
3634;Carrick Felix
3635;Jamaal Franklin
3636;Rudy Gobert
3637;Archie Goodwin
3638;Jorge Gutierrez
3639;Justin Hamilton
3640;Elias Harris
3641;Solomon Hill
3642;Scotty Hopson
3643;Robbie Hummel
3644;Sergey Karasev
3645;Ryan Kelly
3646;Ognjen Kuzmic
3647;Shane Larkin
3648;Ricky Ledo
3649;Alex Len
3650;Ray McCallum
3651;C.J. McCollum
3652;Ben McLemore
3653;Gal Mekel
3654;Tony Mitchell
3655;Shabazz Muhammad
3656;Erik Murphy
3657;Toure' Murry
3658;Mike Muscala
3659;Nemanja Nedovic
3660;James Nunnally
3661;Victor Oladipo
3662;Kelly Olynyk
3663;Arinze Onuaku
3664;Mason Plumlee
3665;Otto Porter
3666;Phil Pressey
3667;Miroslav Raduljica
3668;Andre Roberson
3669;Dennis Schroder
3670;Peyton Siva
3671;Tony Snell
3672;James Southerland
3673;D.J. Stephens
3674;Adonis Thomas
3675;Hollis Thompson
3676;Casper Ware
3677;Royce White
3678;Jeff Withey
3679;Nate Wolters
3680;Cody Zeller
3681;Jordan Adams
3682;Furkan Aldemir
3683;Kyle Anderson
3684;Cameron Bairstow
3685;Jerrelle Benimon
3686;Sim Bhullar
3687;Tarik Black
3688;Bojan Bogdanovic
3689;Jabari Brown
3690;Markel Brown
3691;Bruno Caboclo
3692;Clint Capela
3693;Will Cherry
3694;Patrick Christopher
3695;Jordan Clarkson
3696;Jack Cooley
3697;Bryce Cotton
3698;Andre Dawkins
3699;Spencer Dinwiddie
3700;Zoran Dragic
3701;Cleanthony Early
3702;James Ennis
3703;Tyler Ennis
3704;Dante Exum
3705;Tim Frazier
3706;Langston Galloway
3707;Aaron Gordon
3708;Drew Gordon
3709;Jerami Grant
3710;Erick Green
3711;JaMychal Green
3712;P.J. Hairston
3713;Gary Harris
3714;Joe Harris
3715;Rodney Hood
3716;Joe Ingles
3717;Cory Jefferson
3718;Grant Jerrett
3719;Nick Johnson
3720;Tyler Johnson
3721;Sean Kilpatrick
3722;Alex Kirk
3723;Joffrey Lauvergne
3724;Zach LaVine
3725;Kalin Lucas
3726;Devyn Marble
3727;James Michael McAdoo
3728;K.J. McDaniels
3729;Doug McDermott
3730;Mitch McGary
3731;Jerel McNeal
3732;Elijah Millsap
3733;Nikola Mirotic
3734;Eric Moreland
3735;Shabazz Napier
3736;Nerlens Noel
3737;Lucas Nogueira
3738;Jusuf Nurkic
3739;Johnny O'Bryant
3740;Kostas Papanikolaou
3741;Jabari Parker
3742;Adreian Payne
3743;Elfrid Payton
3744;Dwight Powell
3745;Julius Randle
3746;Damjan Rudez
3747;JaKarr Sampson
3748;Marcus Smart
3749;Russ Smith
3750;Nik Stauskas
3751;David Stockton
3752;Jarnell Stokes
3753;Noah Vonleh
3754;T.J. Warren
3755;David Wear
3756;Travis Wear
3757;Shayne Whittington
3758;Andrew Wiggins
3759;C.J. Wilcox
3760;James Young
3761;Cliff Alexander
3762;Justin Anderson
3763;Thanasis Antetokounmpo
3764;Keith Appling
3765;Nemanja Bjelica
3766;Devin Booker
3767;Anthony Brown
3768;Willie Cauley-Stein
3769;Rakeem Christmas
3770;Coty Clarke
3771;Pat Connaughton
3772;Branden Dawson
3773;Bryce Dejean-Jones
3774;Sam Dekker
3775;Duje Dukan
3776;Jarell Eddie
3777;Cristiano Felicio
3778;Jerian Grant
3779;Montrezl Harrell
3780;Aaron Harrison
3781;Mario Hezonja
3782;Darrun Hilliard
3783;Rondae Hollis-Jefferson
3784;Richaun Holmes
3785;Marcelo Huertas
3786;Josh Huestis
3787;R.J. Hunter
3788;Damien Inglis
3789;Stanley Johnson
3790;Nikola Jokic
3791;Tyus Jones
3792;Frank Kaminsky
3793;Sasha Kaun
3794;Kevon Looney
3795;Trey Lyles
3796;Boban Marjanovic
3797;Jarell Martin
3798;T.J. McConnell
3799;Chris McCullough
3800;Jordan McRae
3801;Salah Mejri
3802;Jordan Mickey
3803;Luis Montero
3804;Emmanuel Mudiay
3805;Xavier Munford
3806;Raul Neto
3807;J.J. O'Brien
3808;Jahlil Okafor
3809;Kelly Oubre
3810;Lamar Patterson
3811;Cameron Payne
3812;Tibor Pleiss
3813;Bobby Portis
3814;Kristaps Porzingis
3815;Norman Powell
3816;Willie Reed
3817;Josh Richardson
3818;Terry Rozier
3819;D'Angelo Russell
3820;Jonathon Simmons
3821;Alex Stepheson
3823;Axel Toupane
3824;Karl-Anthony Towns
3825;Myles Turner
3826;Rashad Vaughn
3827;Briante Weber
3828;Alan Williams
3829;Justise Winslow
3830;Christian Wood
3831;Delon Wright
3832;Joe Young
3833;Alex Abrines
3834;Ron Baker
3835;Wade Baldwin
3836;Malik Beasley
3837;DeAndre' Bembry
3838;Dragan Bender
3839;Ben Bentil
3840;Davis Bertans
3841;Joel Bolomboy
3842;Malcolm Brogdon
3843;Jaylen Brown
3844;Nicolas Brussino
3845;Marquese Chriss
3846;Semaj Christon
3847;Quinn Cook
3848;Deyonta Davis
3849;Malcolm Delaney
3850;Cheick Diallo
3851;Kris Dunn
3852;Henry Ellenson
3853;Joel Embiid
3854;Kay Felder
3855;Yogi Ferrell
3856;Dorian Finney-Smith
3857;Bryn Forbes
3858;Patricio Garino
3859;Michael Gbinije
3860;Marcus Georges-Hunt
3861;Jonathan Gibson
3862;Treveon Graham
3863;A.J. Hammons
3864;Andrew Harrison
3865;Juan Hernangomez
3866;Willy Hernangomez
3867;Buddy Hield
3868;Danuel House
3869;Brandon Ingram
3870;Demetrius Jackson
3871;Pierre Jackson
3872;Brice Johnson
3873;Damian Jones
3874;Derrick Jones
3875;Mindaugas Kuzminskas
3876;Skal Labissiere
3877;Nicolas Laprovittola
3878;Jake Layman
3879;Caris LeVert
3880;Shawn Long
3881;Timothe Luwawu-Cabarrot
3882;Thon Maker
3883;Patrick McCaw
3885;Rodney McGruder
3886;Dejounte Murray
3887;Jamal Murray
3888;Maurice Ndour
3889;Georges Niang
3890;David Nwaba
3891;Daniel Ochefu
3892;Chinanu Onuaku
3893;Georgios Papagiannis
3895;Marshall Plumlee
3896;Jakob Poeltl
3897;Alex Poythress
3898;Tim Quarterman
3899;Chasson Randle
3900;Malachi Richardson
3901;Domantas Sabonis
3902;Dario Saric
3903;Tomas Satoransky
3904;Wayne Selden
3905;Pascal Siakam
3906;Diamond Stone
3907;Edy Tavares
3908;Isaiah Taylor
3909;Mike Tobey
3910;Tyler Ulis
3911;Jarrod Uthoff
3912;Denzel Valentine
3913;Fred VanVleet
3914;Taurean Waller-Prince
3915;Okaro White
3916;Isaiah Whitehead
3917;Troy Williams
3918;Kyle Wiltjer
3919;Stephen Zimmerman
3920;Paul Zipser
3921;Ivica Zubac
203905;Aaron Craft
1628988;Aaron Holiday
1628935;Aaron Jackson
1630174;Aaron Nesmith
1627846;Abdel Nader
203583;Abdul Gaddy
101250;Adam Chubb
201183;Adam Haluska
1629690;Adam Mokoka
1630278;Ade Murkey
10221;Clar. Weatherspoon
1629678;Admiral Schofield
10813;Bernie Bickerstaff
202935;Adrian Oliver
1629958;Ahmad Caver
1629759;Ahmed Hill
1627773;AJ Hammons
201985;AJ Price
204064;Akil Mitchell
200836;Akin Akingbala
1628409;Alec Peters
1630197;Aleksej Pokusevski
1629346;Alen Smailagic
1627936;Alex Caruso
1628174;Alex Hamilton
1628035;Alfonzo McKinnie
1628993;Alize Johnson
1629019;Allonzo Trier
1628578;Amida Brimah
1628518;Amile Jefferson
1629599;Amir Coffey
1629609;Amir Hinton
201281;Andre Ingram
201001;Andre Patterson
1627882;Andrew Andrews
1628510;Andrew White III
1629014;Anfernee Simons
1629116;Angel Delgado
1629285;Angel Rodriguez
10974;Joseph Blair
1627790;Ante Zizic
1630162;Anthony Edwards
1630264;Anthony Gill
1630237;Anthony Lamb
101256;Anthony Lever-Pedroza
201248;Anthony Richardson
200852;Antoine Hood
1628469;Antonio Blakeney
1628499;Antonius Cleveland
201015;Antywane Robinson
1628394;Anzejs Pasecniks
1629689;Aric Holman
1629717;Armoni Brooks
203529;Arsalan Kazemi
11165;Luis Grillo
1630204;Ashton Hagans
1629806;B.J. Taylor
1628389;Bam Adebayo
1629956;Barry Brown
1627862;Beau Beech
1628500;Ben Moore
1627732;Ben Simmons
201834;Bennet Davis
1629594;Bennie Boatwright
11185;Violet Palmer
1628656;Billy Garrett
1629009;Billy Preston
1629168;BJ Johnson
11297;Jeff Van Gundy
1627322;Bo McCalebb
11636;Ike Nwankwo
203992;Bogdan Bogdanovic
1629626;Bol Bol
101238;Boniface Ndong
1629045;Bonzie Colson
201240;Brad Stricker
202954;Brad Wanamaker
204029;Brady Heslip
1629132;Braian Angola-Rodas
1626165;Brandon Ashley
200847;Brandon Bowman
1629634;Brandon Clarke
1629164;Brandon Goodwin
201635;Brandon Heath
1629000;Brandon McCoy
203464;Brandon Paul
200583;Brandon Robinson
1629102;Brandon Sampson
201204;Brandon Wallace
1630254;Breein Tyree
201237;Brent Petway
1628968;Brian Bowen II
202221;Brian Butch
200856;Brian Chase
201266;Brian Hamilton
204041;Brian Qvale
204026;Brock Motum
1630271;Brodric Thomas
1628460;Bronson Koenig
1628971;Bruce Brown
1628981;Bruno Fernando
101260;Bryant Matthews
1628576;Bryce Alford
1629596;Bryce Brown
204215;Bubu Palo
1629190;C.J. Anderson
203710;C.J. Williams
1630258;Caleb Homesley
1628997;Caleb Martin
1628403;Caleb Swanigan
1629629;Cam Reddish
1629661;Cameron Johnson
202841;Cameron Jones
1628419;Cameron Oliver
1629244;Cameron Reynolds
203163;Carleton Scott
203185;Carlon Brown
11917;Wang Zhi-zhi
203577;Carlos Morais
201225;Carlos Powell
1629035;Carsen Edwards
204062;Casey Prather
1630199;Cassius Stanley
1630216;Cassius Winston
1627760;Cat Barber
1626224;Cedi Osman
1628990;Chandler Hutchison
11929;Galen Young
1628429;Charles Cooke
200510;Charles Gaines
200830;Charles Lee
1629666;Charles Matthews
201652;Charles Rhodes
203586;Charlie Westbrook
200557;Chet Mason
200390;Cheyne Gadson
1629002;Chimezie Metu
101243;Chris Alexander
11969;Peter Cornell
1628449;Chris Boucher
1629185;Chris Chiozza
1629598;Chris Clemons
12077;Mark Karcher
202808;Chris Daniels
200951;Chris Ellis
202423;Chris Kramer
1629735;Chris Silva
1627224;Chris Udofia
1626217;Chris Walker
1629746;Christ Koumadje
204024;Christian Watford
1629643;Chuma Okeke
1629604;CJ Elleby
203927;CJ Fair
201636;CJ Giles
203466;CJ Leslie
1629747;CJ Massinburg
203468;CJ McCollum
101139;CJ Miles
12098;Slava Medvedenko
1629632;Coby White
1629149;Codi Miller-McIntyre
1628610;Cody Demps
1628998;Cody Martin
1630175;Cole Anthony
201653;Coleman Collins
1629012;Collin Sexton
202213;Connor Atchley
1626186;Corey Hawkins
1626258;Corey Walden
1626290;Corey Webster
101262;Cory Violette
203587;Courtney Fells
201998;Curtis Jerrells
201641;Curtis Sumpter
1628391;D.J. Wilson
1629541;Dairis Bertans
1626177;Dakari Johnson
1629751;Dakota Mathias
203193;Dallas Lauderdale
203568;Damen Bell-Holter
1627814;Damion Lee
12111;Jimmie Hunter
1628422;Damyean Dotson
12135;Nick Sheppard
201643;Dan Grunfeld
1628679;Daniel Dixon
1629655;Daniel Gafford
1627772;Daniel Hamilton
200812;Daniel Horton
203327;Daniel Nwaelele
1630187;Daniel Oturu
1628464;Daniel Theis
1627863;Danuel House Jr.
1629610;DaQuan Jeffries
1626276;Darion Atkins
1629647;Darius Bazley
1629636;Darius Garland
12136;Jameel Watkins
202175;Darnell Lazare
1629133;Daryl Macon
1629756;Daulton Hommes
12144;Ademola Okulaja
1629749;David Kramer
203558;David Lighty
201776;David Monds
201624;David Padgett
200844;Davin White
204310;Davion Berry
1628432;Davon Reed
200845;Dawan Robinson
1628368;De'Aaron Fox
12148;Mark Ayotte
1629731;Dean Wade
1629028;Deandre Ayton
1629631;De'Andre Hunter
1629001;De'Anthony Melton
1629664;Dedric Lawson
203551;Dee Bost
1629686;Deividas Sirvydis
101224;Deji Akindele
12251;Eric Chenowith
203192;Demonte Harper
1629061;Deng Adel
200787;Denham Brown
1630166;Deni Avdija
1628372;Dennis Smith Jr.
1626269;Denzel Livingston
203907;Deonte Burton
1627496;Derek Cooke Jr.
1628491;Derek Willis
201622;Deron Washington
1627884;Derrick Jones Jr.
1628476;Derrick Walton Jr.
1628401;Derrick White
203472;Deshaun Thomas
202586;DeShawn Sims
1629184;Desi Rodriguez
1630217;Desmond Bane
1629152;DeVaughn Akoon-Purcell
1629962;Devin Cannady
1628421;Devin Robinson
203204;Devin Searcy
202464;Devin Sweetney
1630170;Devin Vassell
1628241;Devin Williams
1629653;Devon Dotson
1628985;Devon Hall
1629719;Devontae Cacok
1628984;Devonte' Graham
1629608;Dewan Hernandez
1626190;Dez Wells
202067;Diamon Simpson
1628415;Dillon Brooks
201630;Dion Dowell
203474;DJ Stephens
201199;DJ Strawberry
201591;DJ White
1628378;Donovan Mitchell
1629743;Donta Hall
202069;Dontaye Draper
1628978;Donte DiVincenzo
1629055;Donte Grantham
101217;D'or Fischer
1629078;Doral Moore
201230;Doug Thomas
203990;Drew Crawford
1629234;Drew Eubanks
202404;Drew Naymick
202957;Drew Neitzel
1629130;Duncan Robinson
1628677;Durand Scott
202872;Durrell Summers
1628605;Dusty Hannahs
1627886;D'Vauntes Smith-Rivera
1628407;Dwayne Bacon
1630263;Dwayne Sutton
1629685;Dylan Windler
1629058;Dzanan Musa
1630272;E.J. Montgomery
203560;E.J. Singler
12271;Robb Dryden
12386;Kimani Ffriend
1626293;Edgar Sosa
1628410;Edmond Sumner
1627865;Egidijus Mockevicius
1627765;Elgin Cook
1629059;Elie Okobo
1630190;Elijah Hughes
1629136;Elijah Stewart
200857;Elton Brown
1629150;Emanuel Terry
202420;Eric Boateng
203547;Eric Griffin
12403;Nene
1628450;Eric Mika
1629672;Eric Paschall
101257;Eric Sandrin
1628571;Erik McCree
202410;Evan Brock
1630267;Facundo Campazzo
101245;Filiberto Rivera
202912;Frank Hassell
1628402;Frank Jackson
1628412;Frank Mason
1628373;Frank Ntilikina
201648;Frank Robinson
1630273;Freddie Gillespie
1627788;Furkan Korkmaz
1629216;Gabe Vincent
12427;Roger Mason Jr.
203629;Garlon Green
1629726;Garrison Mathews
1629109;Gary Clark
202956;Gary Flowers
1627780;Gary Payton II
1629018;Gary Trent Jr.
1628437;George de Paula
12436;Flip Murray
204080;Geron Johnson
201019;Gerry McNamara
1628492;Gian Clavell
203540;Gigi Datome
202904;Gilbert Brown
203922;Glenn Robinson III
1629048;Goga Bitadze
201983;Goran Suton
1627836;Gracin Bakumanya
1630203;Grant Riller
1629684;Grant Williams
1628960;Grayson Allen
203154;Greg Somogyi
204222;Greg Whittington
1627824;Guerschon Yabusele
12438;Jason Jennings
202380;Hamady Ndiaye
1628977;Hamidou Diallo
203180;Hank Thorns
1628385;Harry Giles III
1629755;Hassani Gravett
1629312;Haywood Highsmith
201195;Herbert Hill
101254;Herve Lamizana
1629649;Ignas Brazdeikis
1628387;Ike Anigbogu
1628528;Ike Iroegbu
1630193;Immanuel Quickley
1629067;Isaac Bonga
1629036;Isaac Haas
1628554;Isaac Hamilton
1629353;Isaac Humphries
1630171;Isaac Okoro
1628515;Isaiah Briscoe
1627766;Isaiah Cousins
1628392;Isaiah Hartenstein
1628439;Isaiah Hicks
1630198;Isaiah Joe
1627776;Isaiah Miles
1629753;Isaiah Pineiro
1629676;Isaiah Roby
1630191;Isaiah Stewart
1629145;Isaiah Wilkins
200894;Isma'il Muhammad
1629226;Ismaila Kane
1628397;Ivan Rabb
1627938;J.J. Avila
1629122;J.P. Macura
12439;Sam Clancy
1629630;Ja Morant
1628444;Jabari Bird
200849;Jackie Manuel
1628980;Jacob Evans
1626643;Jacob Pullen
1628451;Jacob Wiley
1630183;Jaden McDaniels
1630256;Jae'Sean Tate
1630261;Jahlil Tripp
1630186;Jahmi'us Ramsey
1629131;Jairus Lyles
201650;JaJuan Smith
202815;Jake Anderson
1630255;Jake Toolson
12508;Gabe Muoneke
1629721;JaKeenan Gant
1627902;Jaleel Cousins
1626294;Jaleel Roberts
1629824;Jalen Adams
1628973;Jalen Brunson
1630223;Jalen Harris
1627883;Jalen Jones
1629665;Jalen Lecque
1629667;Jalen McDaniels
1630188;Jalen Smith
201249;Jamaal Tatum
200815;Jamar Smith
1627866;Jameel Warney
1628503;Jamel Artis
1628511;James Blackmon Jr.
203516;James Ennis III
201620;James Gist
201651;James Mays
1629615;James Palmer Jr.
1627821;James Webb III
1630164;James Wiseman
203966;Jamil Wilson
12552;Michael Sweetney
201251;Jamon Lucas
1629607;Jared Harper
201243;Jared Homan
201185;Jared Jordan
201232;Jared Newson
1629123;Jared Terrell
1628991;Jaren Jackson Jr.
1628417;Jaron Blossomgame
204189;Jaron Johnson
1629020;Jarred Vanderbilt
1629714;Jarrell Brantley
1628386;Jarrett Allen
1629633;Jarrett Culver
202820;Jarrid Famous
101242;Jason Capel
1626279;Jason Washburn
12587;Malick Badiane
1629602;Javin DeLaurier
1629715;Javon Bess
1629750;Javonte Green
1628393;Jawun Evans
1629637;Jaxson Hayes
1630206;Jay Scrubb
1629121;Jaylen Adams
1628965;Jaylen Barford
1629658;Jaylen Hoard
1628575;Jaylen Johnson
1628537;Jaylen Morris
1629669;Jaylen Nowell
1628369;Jayson Tatum
1629166;Jeff Roberson
1629050;Jeffrey Carroll
1629352;Jeffrey Coby
1629203;Jemerrio Jones
1629725;Jeremiah Martin
1628456;Jeremy Morgan
1628496;Jeremy Senglin
202217;Jeremy Wise
12596;Tommy Smith
12598;Rick Rickert
202963;Jerome Randle
1629010;Jerome Robinson
12606;Carl English
1628975;Jevon Carter
12618;Marcus Hatten
201581;JJ Hickson
1626266;JJ O'Brien
200755;JJ Redick
1629147;Joe Chealey
204061;Joe Jackson
200517;Joe Shipp
1629137;Joel Berry II
1628381;John Collins
1629786;John Egbunu
204066;John Holland
1629723;John Konchar
101249;John Lucas III
203157;John Shurna
1628405;Johnathan Motley
1629140;Johnathan Williams
1629148;Johnny Hamilton
203948;Johnny O'Bryant III
1629860;Jon Davis
1626281;Jon Horford
202416;Jon Scheyer
12629;Jon Stefansson
1630257;Jon Teske
1628413;Jonah Bolden
1626182;Jonathan Holmes
1628371;Jonathan Isaac
1629236;Jonathan Stark
1629007;Jontay Porter
203947;Jordan Bachynski
1628395;Jordan Bell
1629648;Jordan Bone
1630259;Jordan Ford
1628070;Jordan Loyd
1628535;Jordan Mathews
1629162;Jordan McLaughlin
1629818;Jordan Murphy
1629670;Jordan Nwora
1629673;Jordan Poole
1626296;Jordan Sibert
202550;Josh Bostic
1627982;Josh Gray
1630182;Josh Green
1630221;Josh Hall
1628404;Josh Hart
1628367;Josh Jackson
203705;Josh Magette
1629006;Josh Okogie
1629616;Josh Perkins
1629729;Josh Reaves
1626288;Joshua Smith
1626160;JP Tokoto
200805;JR Pinnock
12644;Rick Apodaca
1629308;Juan Toscano-Anderson
1627823;Juancho Hernangomez
1627829;Julian Jacobs
202961;Julian Khazzouh
1627395;Julian Washburn
12646;Kris Lang
1629167;Justin Bibbs
203965;Justin Cobbs
101225;Justin Davis
1628382;Justin Jackson
1629713;Justin James
1628383;Justin Patton
1629620;Justin Robinson
1629779;Justin Simon
1629625;Justin Wright-Foreman
1629752;Juwan Morgan
1626219;Juwan Staten
1628443;Kadeem Allen
204063;Kadeem Batts
1627292;Kadeem Jack
1630232;Kahlil Whitney
201654;Kai Zhang
1629232;Kaiser Gates
1627818;Kaleb Tarczewski
1629700;Kaleb Wesson
202518;Kammron Taylor
1630211;Karim Mane
1628448;Kavell Bigby-Williams
1629800;Kavion Pippen
1630269;Keandre Cook
1629037;Keenan Evans
1626208;Keifer Sykes
1628966;Keita Bates-Diop
1627867;Keith Hornsby
1629103;Kelan Martin
1629640;Keldon Johnson
1629833;Keljin Blevins
1626162;Kelly Oubre Jr.
1629134;Kendrick Nunn
1628452;Kennedy Meeks
101227;Kennedy Winston
200846;Kenny Adeleke
202238;Kenny Hasbrouck
203483;Kenny Kadji
1629624;Kenny Wooten
1629026;Kenrich Williams
1630231;Kenyon Martin Jr.
203198;Kevin Anderson
101240;Kevin Braswell
1628987;Kevin Hervey
1628989;Kevin Huerter
1628995;Kevin Knox II
201226;Kevin Kruger
202402;Kevin Palmer
200819;Kevin Pittsnogle
1629645;Kevin Porter Jr.
203579;Khalif Wyatt
203920;Khem Birch
1629017;Khyri Thomas
1630165;Killian Hayes
1629681;Killian Tillie
12650;Demetrius Alexander
1630184;Kira Lewis Jr.
203909;KJ McDaniels
1626285;Kleon Penn
1628424;Kobi Simmons
1628961;Kostas Antetokounmpo
12651;Jermaine Boyette
1629065;Ky Bowman
1629734;Kyle Alexander
101228;Kyle Bailey
1626271;Kyle Casey
1627858;Kyle Collinsworth
203176;Kyle Fogg
1629657;Kyle Guy
1628398;Kyle Kuzma
1629644;KZ Okpala
1628433;L.J. Peak
1628176;LaDontae Henton
1629777;Lamar Peters
1630205;Lamar Stevens
1630163;LaMelo Ball
203164;Lance Goulbourne
1628477;Landry Nnoko
1629013;Landry Shamet
201831;Lanny Smith
203580;Larry Drew II
1626204;Larry Nance Jr.
201213;Larry Turner
1628374;Lauri Markkanen
200843;LaVell Blanchard
202797;Lawrence Hill
1626272;Lazeric Jones
202078;Leon Rodgers
1626260;Levi Randolph
1629071;LiAngelo Ball
1629623;Lindell Wigginton
203520;Livio Jean-Charles
1628506;London Perrantes
201848;Longar Longar
1629022;Lonnie Walker IV
1628366;Lonzo Ball
1629663;Louis King
12660;Richard Jeter
101186;Lucas Tischer
1629652;Luguentz Dort
1629029;Luka Doncic
1629677;Luka Samanic
201236;Lukasz Obrzut
204034;Luke Hancock
1628379;Luke Kennard
1628436;Luke Kornet
1629612;Luke Maye
202075;Luke Nevill
1628517;Luke Petrasek
203262;Mac Koshwal
202375;Magnum Rolle
1630201;Malachi Flynn
1626259;Malcolm Miller
1630238;Malik Fitts
1628370;Malik Monk
1629005;Malik Newman
1629603;Mamadi Diakite
12672;Ronald Blackshear
1628493;Mangok Mathiang
1629305;Marcus Allen
101216;Marcus Campbell
1629094;Marcus Derrickson
201647;Marcus Hubbard
1629159;Marcus Lee
202694;Marcus Morris Sr.
1627779;Marcus Paige
204136;Marcus Simmons
201201;Marcus Slaughter
1629621;Marial Shayok
12674;Ray Young
1629156;Markel Crawford
1628365;Markelle Fultz
1629741;Marko Guduric
1630210;Markus Howard
1630260;Marlon Taylor
12677;Kevin Lyde
1629716;Marques Bolden
12683;David Jackson
202392;Marqus Blakely
1626289;Marshall Henderson
1628963;Marvin Bagley III
1630222;Mason Jones
1629680;Matisse Thybulle
1627856;Matt Costello
200825;Matt Haryasz
202394;Matt Janning
1628512;Matt Jones
1962937827;Matt Matt
1629760;Matt Mooney
101226;Matt Nelson
202418;Matt Rogers
1629744;Matt Thomas
1628475;Matt Williams Jr.
1629070;Matur Maker
1629622;Max Strus
1628467;Maxi Kleber
1628453;Melo Trimble
203929;Melvin Ejim
1628982;Melvin Frazier Jr.
12697;Antonio Meeking
1629662;Mfiondu Kabengele
203190;Micah Downs
203195;Michael Dunigan
202071;Michael Fey
1626187;Michael Frazier
1626261;Michael Holyfield
204077;Michael Jenkins
203588;Michael Lee
1629008;Michael Porter Jr.
1626180;Michael Qualls
100686;Michaela Pavlickova
1626252;Michale Kyser
203149;Micheal Eric
100729;Michelle Snow
203566;Mickey McConnell
1628969;Mikal Bridges
12747;JR Smith
1628454;Mike Young
1628970;Miles Bridges
200858;Milone Clark
1628462;Milos Teodosic
1628495;Milton Doyle
1628249;Mitchell Creek
1629011;Mitchell Robinson
204030;Mitchell Watt
1629671;Miye Oni
1628964;Mo Bamba
1628420;Monte Morris
1629021;Moritz Wagner
1629650;Moses Brown
201792;Moses Ehambe
203201;Mustapha Farrakhan
1628539;Mychal Mulder
203509;Myck Kabongo
1627988;Myke Henry
1629619;Myles Powell
1630230;Naji Marshall
1629642;Nassir Little
1630268;Nate Darling
1630207;Nate Hinton
1630233;Nathan Knight
1628513;Naz Mitrou-Long
1629675;Naz Reid
12773;Tim Pickett
12775;Ha Ha
1629165;Nick King
1626305;Nick Minnerath
1630208;Nick Richards
204289;Nick Wiggins
1627878;Nick Zeisloft
1629638;Nickeil Alexander-Walker
1630185;Nico Mannion
1629651;Nicolas Claxton
1629740;Nicolo Melli
1628502;Nigel Hayes
1628430;Nigel Williams-Goss
201231;Nik Caner-Medley
1627888;Nikola Jovanovic
1626295;Nnanna Egwu
1629826;Norense Odiase
203658;Norvel Pelle
1629245;Nuni Omot
1630167;Obi Toppin
1628384;OG Anunoby
203589;Olek Czyz
101253;Olu Famutimi
201644;Omar Barlett
204179;Omari Johnson
1629016;Omari Spellman
200853;Ondrej Starosta
1630168;Onyeka Okongwu
204044;Orlando Sanchez
203155;Oscar Bellfield
1629052;Oshae Brissett
101239;Otis George
203490;Otto Porter Jr.
1629023;P.J. Washington
1962937755;Paige Marcus
200828;Pat Carroll
12777;Ricky Minard
203942;Patric Young
1630172;Patrick Williams
1630220;Paul Eboua
200859;Paul Miller
1630194;Paul Reed
1628778;Paul Watson
12781;Romain Sato
1630202;Payton Pritchard
1629825;Perrion Callandret
1627768;Perry Ellis
203103;Perry Jones III
12786;Blake Stepp
1628514;Peter Jok
1629595;Phil Booth
1628408;PJ Dozier
203798;PJ Hairston
200817;Pooh Jeter
1630173;Precious Achiuwa
1627880;Quincy Ford
1629683;Quinndary Weatherspoon
1630181;R.J. Hampton
1627825;Rade Zagorac
204192;Raphiael Putney
1628577;Rashawn Thomas
1627881;Rasheed Sulaimon
201239;Rashid Byrd
12787;Rashad Wright
1628959;Rawle Alkins
1629034;Ray Spalding
1629730;Rayjon Tucker
202074;Raymond Sykes
1630262;Rayshaun Hammonds
203153;Reeves Nelson
203687;Reggie Hearn
1629617;Reggie Perry
201184;Reyshawn Terry
202409;Ricardo Marsh
12788;DJ Mbenga
202411;Richard Delk
201613;Richard Hendrix
203494;Richard Howell
12802;David Bluthenthal
204076;Richard Solomon
12808;Nate Johnson
101251;Ricky Shields
1629628;RJ Barrett
1626154;RJ Hunter
1629154;Rob Gray
200842;Rob Griffin
12822;Rich Melzer
201993;Robert Dozier
1629606;Robert Franks
1626193;Robert Upshaw
1629057;Robert Williams III
1630218;Robert Woodard II
200918;Rod Benson
1629066;Rodions Kurucs
12825;Ibrahim Kutluay
1628681;Rodney Purvis
203576;Rodney Williams
12827;Darius Rice
1630265;Romaro Gill
200575;Romel Beck
1629641;Romeo Langford
203528;Romero Osby
201351;Ron Howard
204040;Ronald Roberts Jr.
203196;Ronnie Aguilar
203964;Roscoe Smith
1626220;Royce O'Neale
12832;Neil Yanke
1629060;Rui Hachimura
201781;Russell Robinson
203206;Ryan Allen
1627853;Ryan Arcidiacono
1626207;Ryan Boatright
1629151;Ryan Broekhoff
202421;Ryan Thompson
1630240;Saben Lee
1630180;Saddiq Bey
1628996;Sagaba Konate
12833;Nigel Dixon
1630241;Sam Merrill
1626280;Sam Thompson
201197;Sammy Mejia
1627258;Sampson Carter
200862;Scooter McFadgon
12835;David Hawkins
1627954;Scott Wood
203959;Scottie Wilbekin
101252;Sean Banks
1630253;Sean McDermott
1629635;Sekou Doumbouya
1628400;Semi Ojeleye
1628983;Shai Gilgeous-Alexander
1629003;Shake Milton
1629044;Shamorie Ponds
1626263;Shannon Scott
1629783;Shaq Buchanan
1627885;Shaquille Harrison
202065;Shaun Pruitt
1627873;Shawn Dawson
204053;Shawn Jones
1627815;Sheldon Mac
1629679;Simisola Shittu
1628414;Sindarius Thornwell
1626218;Sir'Dominic Pointer
1630219;Skylar Mays
1629967;Skyler Flatten
101208;Spencer Nelson
202383;Stanley Robinson
1629742;Stanton Kidd
1627841;Stefan Jankovic
202513;Stefhon Hannah
202417;Stephen Dennis
204071;Stephen Holt
1628425;Sterling Brown
101255;Steve Castleberry
12841;Steven Barber
12847;Adam Parada
203160;Steven Gray
201180;Sun Sun
1629004;Svi Mykhailiuk
1628494;T.J. Williams
1629605;Tacko Fall
1628769;Tahjere McCall
201642;Taj McCullough
1629659;Talen Horton-Tucker
204075;Talib Zanna
1629745;Tariq Owens
1627752;Taurean Prince
1628579;Taylor Braun
1629611;Terance Mann
1629056;Terence Davis
1626189;Terran Petteway
1628390;Terrance Ferguson
202358;Terrico White
1628516;Terry Henderson
1629097;Terry Larrier
1630177;Theo Maledon
1629033;Theo Pinson
1628418;Thomas Bryant
12849;Tony Bland
202076;Thomas Kelati
1627843;Thomas Walkup
1629118;Thomas Welsh
1629260;Tim Bond
203501;Tim Hardaway Jr.
12850;Anwar Ferguson
1629186;Tiwian Kendley
200555;TJ Cummings
1629270;Todd Withers
202959;Tommy Mitchell
12854;Ajani Williams
1628396;Tony Bradley
1628974;Tony Carr
202070;Tony Gaffney
101259;Toree Morris
1628680;Torian Graham
201227;Torrell Martin
1628470;Torrey Craig
1629027;Trae Young
1626275;Travis Trice II
1630200;Tre Jones
201645;Tre Kelley
1629682;Tremont Waters
1630235;Trent Forrest
203556;Trent Lockett
201610;Trent Plaisted
1630243;Trevelin Queen
1629129;Trevon Bluiett
1628979;Trevon Duval
1630286;Trevon Scott
12855;Marque Perry
1627887;Trey Freeman
1629163;Trey Lewis
203590;Trey McKinney-Jones
1628972;Troy Brown Jr.
1628505;Troy Caupain
1629660;Ty Jerome
1630189;Tyler Bey
1628463;Tyler Cavanaugh
1629076;Tyler Cook
1629093;Tyler Davis
1628416;Tyler Dorsey
1629639;Tyler Herro
1628399;Tyler Lydon
203174;Tyler Wilkerson
1630179;Tyrell Terry
202792;Tyren Johnson
1630169;Tyrese Haliburton
1630178;Tyrese Maxey
1629246;Tyrius Walker
200863;Tyrone Ellis
1627820;Tyrone Wallace
1630234;Ty-Shon Alexander
1628967;Tyus Battle
1628962;Udoka Azubuike
1628431;V.J. Beachem
1629722;V.J. King
1628041;Vashil Fernandez
1630176;Vernon Carey Jr.
202393;Vernon Goodridge
201649;Vernon Hamilton
1629724;Vic Law
1629053;Vincent Edwards
200813;Vincent Grier
1626205;Vincent Hunter
1629738;Vincent Poirier
1628427;Vlatko Cancar
1627735;Wade Baldwin IV
1627215;Walt Lemon Jr.
12859;Jerry Dupree
12865;Arthur Johnson
201999;Warren Carter
1628976;Wendell Carter Jr.
1629117;Wenyen Gabriel
1628411;Wes Iwundu
1626201;Wesley Saunders
203178;Wesley Witherspoon
1626270;Will Cummings
1630266;Will Magnay
1628388;TJ Leaf
1629718;Charles Brown Jr.
1629739;William Howard
201252;Willie Deane
1628504;Xavier Rathan-Mayes
1630270;Xavier Sneed
1630214;Xavier Tillman
1628473;Yakuba Ouattara
1626213;Yanick Moreira
1628999;Yante Maten
1629142;Yanyuhang Ding
1630213;Yoeli Childs
1626304;Youssou Ndoye
1629819;Yudai Baba
204078;Yuki Togashi
1629139;Yuta Watanabe
1627811;Zach Auguste
1628380;Zach Collins
1629155;Zach Lofton
1629668;Zach Norvell Jr.
1629146;Zach Smith
1630192;Zeke Nnaji
1629015;Zhaire Smith
1627753;Zhou Qi
1629627;Zion Williamson
1629597;Zylan Cheatham
